Workbook
Name kursname: Notenliste!$A$52:$A$60
Name semester: Notenliste!$D$52:$D$62

Sheet RAWDATA
A1: Nr. | B1: Nachname | C1: Vorname | D1: Hochschule | E1: Matrikelnummer | F1: Note | G1: LP | H1: E-Mail | I1: Telefon | J1: bestanden | K1: Teilnahmeschein | L1: Schein erhalten | M1: Fakultät | N1: Semester
A2: 1 | B2: applicant.last_name | C2: applicant.first_name | D2: applicant.origin.short_name | E2: applicant.tag | F2: attendance.sanitized_grade | G2: attendance.ects_points | H2: applicant.mail | I2: applicant.phone | J2: attendance.hide_grade_str | K2: attendance.ts_requested_str | L2: attendance.ts_received_str | M2: Arabisch 1
A3: 2 | M3: Arabisch 1
A4: 3 | M4: Arabisch 1
A5: 4 | M5: Arabisch 1
A6: 5 | M6: Arabisch 1
A7: 6 | M7: Arabisch 1
A8: 7 | M8: Arabisch 1
A9: 8 | M9: Arabisch 1
A10: 9 | M10: Arabisch 1
A11: 10 | M11: Arabisch 1
A12: 11 | M12: Arabisch 1
A13: 12 | M13: Arabisch 1
A14: 13 | M14: Arabisch 1
... A24: 23 | M24: Arabisch 1
A25: 24
A26: 25
A27: 26
A28: 27
A29: 28
A30: 29
A31: 30
A32: 31
A33: 32
A34: 33
A35: 34
A36: 35

Sheet Notenliste
A1: Name | B1: Vorname | C1: Hochschule | D1: Matrikelnummer | E1: Gesamtbewertung in % | F1: Note | H1: bestanden statt Note | I1: LP | J1: Prüfungs-schein | M1: ECTS | N1: Level | O1: Schnitt | P1: Kursname | Q1: Name Dozent
A2: =RAWDATA!B2 -> applicant.last_name | B2: =RAWDATA!C2 -> applicant.first_name | C2: =RAWDATA!D2 -> applicant.origin.short_name | D2: =RAWDATA!E2 -> applicant.tag | E2: =RAWDATA!F2 -> attendance.sanitized_grade | F2: =LOOKUP(E2,{0;1;49.1;55.1;61.1;67.1;72.1;78.1;84.1;89.1;94.1;97.1},{"KP";"NB";4;3.7;3.3;3;2.7;2.3;2;1.7;1.3;1}) -> #N/A | H2: =RAWDATA!J2 -> attendance.hide_grade_str | I2: =RAWDATA!G2 -> attendance.ects_points | J2: =IF(E2>0,"X","") -> X | M2: =IF(E2>0,$B$43,0) -> course.ects_points | N2: =IF(E2>0,$B$42,0) -> course.ger | O2: =IF(E2>0,$F$38,0) -> #DIV/0! | P2: =IF(E2>0,$B$44,0) -> course.name | Q2: =IF(E2>0,$B$41,0) -> course.teacher_name
A3: =RAWDATA!B3 -> 0 | B3: =RAWDATA!C3 -> 0 | C3: =RAWDATA!D3 -> 0 | D3: =RAWDATA!E3 -> 0 | E3: =RAWDATA!F3 -> 0 | F3: =LOOKUP(E3,{0;1;49.1;55.1;61.1;67.1;72.1;78.1;84.1;89.1;94.1;97.1},{"KP";"NB";4;3.7;3.3;3;2.7;2.3;2;1.7;1.3;1}) -> KP | H3: =RAWDATA!J3 -> 0 | I3: =RAWDATA!G3 -> 0 | J3: =IF(E3>0,"X","") | M3: =IF(E3>0,$B$43,0) -> 0 | N3: =IF(E3>0,$B$42,0) -> 0 | O3: =IF(E3>0,$F$38,0) -> 0 | P3: =IF(E3>0,$B$44,0) -> 0 | Q3: =IF(E3>0,$B$41,0) -> 0
A4: =RAWDATA!B4 -> 0 | B4: =RAWDATA!C4 -> 0 | C4: =RAWDATA!D4 -> 0 | D4: =RAWDATA!E4 -> 0 | E4: =RAWDATA!F4 -> 0 | F4: =LOOKUP(E4,{0;1;49.1;55.1;61.1;67.1;72.1;78.1;84.1;89.1;94.1;97.1},{"KP";"NB";4;3.7;3.3;3;2.7;2.3;2;1.7;1.3;1}) -> KP | H4: =RAWDATA!J4 -> 0 | I4: =RAWDATA!G4 -> 0 | J4: =IF(E4>0,"X","") | M4: =IF(E4>0,$B$43,0) -> 0 | N4: =IF(E4>0,$B$42,0) -> 0 | O4: =IF(E4>0,$F$38,0) -> 0 | P4: =IF(E4>0,$B$44,0) -> 0 | Q4: =IF(E4>0,$B$41,0) -> 0
A5: =RAWDATA!B5 -> 0 | B5: =RAWDATA!C5 -> 0 | C5: =RAWDATA!D5 -> 0 | D5: =RAWDATA!E5 -> 0 | E5: =RAWDATA!F5 -> 0 | F5: =LOOKUP(E5,{0;1;49.1;55.1;61.1;67.1;72.1;78.1;84.1;89.1;94.1;97.1},{"KP";"NB";4;3.7;3.3;3;2.7;2.3;2;1.7;1.3;1}) -> KP | H5: =RAWDATA!J5 -> 0 | I5: =RAWDATA!G5 -> 0 | J5: =IF(E5>0,"X","") | M5: =IF(E5>0,$B$43,0) -> 0 | N5: =IF(E5>0,$B$42,0) -> 0 | O5: =IF(E5>0,$F$38,0) -> 0 | P5: =IF(E5>0,$B$44,0) -> 0 | Q5: =IF(E5>0,$B$41,0) -> 0
A6: =RAWDATA!B6 -> 0 | B6: =RAWDATA!C6 -> 0 | C6: =RAWDATA!D6 -> 0 | D6: =RAWDATA!E6 -> 0 | E6: =RAWDATA!F6 -> 0 | F6: =LOOKUP(E6,{0;1;49.1;55.1;61.1;67.1;72.1;78.1;84.1;89.1;94.1;97.1},{"KP";"NB";4;3.7;3.3;3;2.7;2.3;2;1.7;1.3;1}) -> KP | H6: =RAWDATA!J6 -> 0 | I6: =RAWDATA!G6 -> 0 | J6: =IF(E6>0,"X","") | M6: =IF(E6>0,$B$43,0) -> 0 | N6: =IF(E6>0,$B$42,0) -> 0 | O6: =IF(E6>0,$F$38,0) -> 0 | P6: =IF(E6>0,$B$44,0) -> 0 | Q6: =IF(E6>0,$B$41,0) -> 0
A7: =RAWDATA!B7 -> 0 | B7: =RAWDATA!C7 -> 0 | C7: =RAWDATA!D7 -> 0 | D7: =RAWDATA!E7 -> 0 | E7: =RAWDATA!F7 -> 0 | F7: =LOOKUP(E7,{0;1;49.1;55.1;61.1;67.1;72.1;78.1;84.1;89.1;94.1;97.1},{"KP";"NB";4;3.7;3.3;3;2.7;2.3;2;1.7;1.3;1}) -> KP | H7: =RAWDATA!J7 -> 0 | I7: =RAWDATA!G7 -> 0 | J7: =IF(E7>0,"X","") | M7: =IF(E7>0,$B$43,0) -> 0 | N7: =IF(E7>0,$B$42,0) -> 0 | O7: =IF(E7>0,$F$38,0) -> 0 | P7: =IF(E7>0,$B$44,0) -> 0 | Q7: =IF(E7>0,$B$41,0) -> 0
A8: =RAWDATA!B8 -> 0 | B8: =RAWDATA!C8 -> 0 | C8: =RAWDATA!D8 -> 0 | D8: =RAWDATA!E8 -> 0 | E8: =RAWDATA!F8 -> 0 | F8: =LOOKUP(E8,{0;1;49.1;55.1;61.1;67.1;72.1;78.1;84.1;89.1;94.1;97.1},{"KP";"NB";4;3.7;3.3;3;2.7;2.3;2;1.7;1.3;1}) -> KP | H8: =RAWDATA!J8 -> 0 | I8: =RAWDATA!G8 -> 0 | J8: =IF(E8>0,"X","") | M8: =IF(E8>0,$B$43,0) -> 0 | N8: =IF(E8>0,$B$42,0) -> 0 | O8: =IF(E8>0,$F$38,0) -> 0 | P8: =IF(E8>0,$B$44,0) -> 0 | Q8: =IF(E8>0,$B$41,0) -> 0
A9: =RAWDATA!B9 -> 0 | B9: =RAWDATA!C9 -> 0 | C9: =RAWDATA!D9 -> 0 | D9: =RAWDATA!E9 -> 0 | E9: =RAWDATA!F9 -> 0 | F9: =LOOKUP(E9,{0;1;49.1;55.1;61.1;67.1;72.1;78.1;84.1;89.1;94.1;97.1},{"KP";"NB";4;3.7;3.3;3;2.7;2.3;2;1.7;1.3;1}) -> KP | H9: =RAWDATA!J9 -> 0 | I9: =RAWDATA!G9 -> 0 | J9: =IF(E9>0,"X","") | M9: =IF(E9>0,$B$43,0) -> 0 | N9: =IF(E9>0,$B$42,0) -> 0 | O9: =IF(E9>0,$F$38,0) -> 0 | P9: =IF(E9>0,$B$44,0) -> 0 | Q9: =IF(E9>0,$B$41,0) -> 0
A10: =RAWDATA!B10 -> 0 | B10: =RAWDATA!C10 -> 0 | C10: =RAWDATA!D10 -> 0 | D10: =RAWDATA!E10 -> 0 | E10: =RAWDATA!F10 -> 0 | F10: =LOOKUP(E10,{0;1;49.1;55.1;61.1;67.1;72.1;78.1;84.1;89.1;94.1;97.1},{"KP";"NB";4;3.7;3.3;3;2.7;2.3;2;1.7;1.3;1}) -> KP | H10: =RAWDATA!J10 -> 0 | I10: =RAWDATA!G10 -> 0 | J10: =IF(E10>0,"X","") | M10: =IF(E10>0,$B$43,0) -> 0 | N10: =IF(E10>0,$B$42,0) -> 0 | O10: =IF(E10>0,$F$38,0) -> 0 | P10: =IF(E10>0,$B$44,0) -> 0 | Q10: =IF(E10>0,$B$41,0) -> 0
A11: =RAWDATA!B11 -> 0 | B11: =RAWDATA!C11 -> 0 | C11: =RAWDATA!D11 -> 0 | D11: =RAWDATA!E11 -> 0 | E11: =RAWDATA!F11 -> 0 | F11: =LOOKUP(E11,{0;1;49.1;55.1;61.1;67.1;72.1;78.1;84.1;89.1;94.1;97.1},{"KP";"NB";4;3.7;3.3;3;2.7;2.3;2;1.7;1.3;1}) -> KP | H11: =RAWDATA!J11 -> 0 | I11: =RAWDATA!G11 -> 0 | J11: =IF(E11>0,"X","") | M11: =IF(E11>0,$B$43,0) -> 0 | N11: =IF(E11>0,$B$42,0) -> 0 | O11: =IF(E11>0,$F$38,0) -> 0 | P11: =IF(E11>0,$B$44,0) -> 0 | Q11: =IF(E11>0,$B$41,0) -> 0
A12: =RAWDATA!B12 -> 0 | B12: =RAWDATA!C12 -> 0 | C12: =RAWDATA!D12 -> 0 | D12: =RAWDATA!E12 -> 0 | E12: =RAWDATA!F12 -> 0 | F12: =LOOKUP(E12,{0;1;49.1;55.1;61.1;67.1;72.1;78.1;84.1;89.1;94.1;97.1},{"KP";"NB";4;3.7;3.3;3;2.7;2.3;2;1.7;1.3;1}) -> KP | H12: =RAWDATA!J12 -> 0 | I12: =RAWDATA!G12 -> 0 | J12: =IF(E12>0,"X","") | M12: =IF(E12>0,$B$43,0) -> 0 | N12: =IF(E12>0,$B$42,0) -> 0 | O12: =IF(E12>0,$F$38,0) -> 0 | P12: =IF(E12>0,$B$44,0) -> 0 | Q12: =IF(E12>0,$B$41,0) -> 0
A13: =RAWDATA!B13 -> 0 | B13: =RAWDATA!C13 -> 0 | C13: =RAWDATA!D13 -> 0 | D13: =RAWDATA!E13 -> 0 | E13: =RAWDATA!F13 -> 0 | F13: =LOOKUP(E13,{0;1;49.1;55.1;61.1;67.1;72.1;78.1;84.1;89.1;94.1;97.1},{"KP";"NB";4;3.7;3.3;3;2.7;2.3;2;1.7;1.3;1}) -> KP | H13: =RAWDATA!J13 -> 0 | I13: =RAWDATA!G13 -> 0 | J13: =IF(E13>0,"X","") | M13: =IF(E13>0,$B$43,0) -> 0 | N13: =IF(E13>0,$B$42,0) -> 0 | O13: =IF(E13>0,$F$38,0) -> 0 | P13: =IF(E13>0,$B$44,0) -> 0 | Q13: =IF(E13>0,$B$41,0) -> 0
... A24: =RAWDATA!B24 -> 0 | B24: =RAWDATA!C24 -> 0 | C24: =RAWDATA!D24 -> 0 | D24: =RAWDATA!E24 -> 0 | E24: =RAWDATA!F24 -> 0 | F24: =LOOKUP(E24,{0;1;49.1;55.1;61.1;67.1;72.1;78.1;84.1;89.1;94.1;97.1},{"KP";"NB";4;3.7;3.3;3;2.7;2.3;2;1.7;1.3;1}) -> KP | H24: =RAWDATA!J24 -> 0 | I24: =RAWDATA!G24 -> 0 | J24: =IF(E24>0,"X","") | M24: =IF(E24>0,$B$43,0) -> 0 | N24: =IF(E24>0,$B$42,0) -> 0 | O24: =IF(E24>0,$F$38,0) -> 0 | P24: =IF(E24>0,$B$44,0) -> 0 | Q24: =IF(E24>0,$B$41,0) -> 0
A25: =RAWDATA!B25 -> 0 | B25: =RAWDATA!C25 -> 0 | C25: =RAWDATA!D25 -> 0 | D25: =RAWDATA!E25 -> 0 | E25: =RAWDATA!F25 -> 0 | F25: =LOOKUP(E25,{0;1;49.1;55.1;61.1;67.1;72.1;78.1;84.1;89.1;94.1;97.1},{"KP";"NB";4;3.7;3.3;3;2.7;2.3;2;1.7;1.3;1}) -> KP | H25: =RAWDATA!J25 -> 0 | I25: =RAWDATA!G25 -> 0 | J25: =IF(E25>0,"X","")
A26: =RAWDATA!B26 -> 0 | B26: =RAWDATA!C26 -> 0 | C26: =RAWDATA!D26 -> 0 | D26: =RAWDATA!E26 -> 0 | E26: =RAWDATA!F26 -> 0 | F26: =LOOKUP(E26,{0;1;49.1;55.1;61.1;67.1;72.1;78.1;84.1;89.1;94.1;97.1},{"KP";"NB";4;3.7;3.3;3;2.7;2.3;2;1.7;1.3;1}) -> KP | H26: =RAWDATA!J26 -> 0 | I26: =RAWDATA!G26 -> 0 | J26: =IF(E26>0,"X","")
A27: =RAWDATA!B27 -> 0 | B27: =RAWDATA!C27 -> 0 | C27: =RAWDATA!D27 -> 0 | D27: =RAWDATA!E27 -> 0 | E27: =RAWDATA!F27 -> 0 | F27: =LOOKUP(E27,{0;1;49.1;55.1;61.1;67.1;72.1;78.1;84.1;89.1;94.1;97.1},{"KP";"NB";4;3.7;3.3;3;2.7;2.3;2;1.7;1.3;1}) -> KP | H27: =RAWDATA!J27 -> 0 | I27: =RAWDATA!G27 -> 0 | J27: =IF(E27>0,"X","")
A28: =RAWDATA!B28 -> 0 | B28: =RAWDATA!C28 -> 0 | C28: =RAWDATA!D28 -> 0 | D28: =RAWDATA!E28 -> 0 | E28: =RAWDATA!F28 -> 0 | F28: =LOOKUP(E28,{0;1;49.1;55.1;61.1;67.1;72.1;78.1;84.1;89.1;94.1;97.1},{"KP";"NB";4;3.7;3.3;3;2.7;2.3;2;1.7;1.3;1}) -> KP | H28: =RAWDATA!J28 -> 0 | I28: =RAWDATA!G28 -> 0 | J28: =IF(E28>0,"X","")
A29: =RAWDATA!B29 -> 0 | B29: =RAWDATA!C29 -> 0 | C29: =RAWDATA!D29 -> 0 | D29: =RAWDATA!E29 -> 0 | E29: =RAWDATA!F29 -> 0 | F29: =LOOKUP(E29,{0;1;49.1;55.1;61.1;67.1;72.1;78.1;84.1;89.1;94.1;97.1},{"KP";"NB";4;3.7;3.3;3;2.7;2.3;2;1.7;1.3;1}) -> KP | H29: =RAWDATA!J29 -> 0 | I29: =RAWDATA!G29 -> 0 | J29: =IF(E29>0,"X","")
A30: =RAWDATA!B30 -> 0 | B30: =RAWDATA!C30 -> 0 | C30: =RAWDATA!D30 -> 0 | D30: =RAWDATA!E30 -> 0 | E30: =RAWDATA!F30 -> 0 | F30: =LOOKUP(E30,{0;1;49.1;55.1;61.1;67.1;72.1;78.1;84.1;89.1;94.1;97.1},{"KP";"NB";4;3.7;3.3;3;2.7;2.3;2;1.7;1.3;1}) -> KP | H30: =RAWDATA!J30 -> 0 | I30: =RAWDATA!G30 -> 0 | J30: =IF(E30>0,"X","")
A31: =RAWDATA!B31 -> 0 | B31: =RAWDATA!C31 -> 0 | C31: =RAWDATA!D31 -> 0 | D31: =RAWDATA!E31 -> 0 | E31: =RAWDATA!F31 -> 0 | F31: =LOOKUP(E31,{0;1;49.1;55.1;61.1;67.1;72.1;78.1;84.1;89.1;94.1;97.1},{"KP";"NB";4;3.7;3.3;3;2.7;2.3;2;1.7;1.3;1}) -> KP | H31: =RAWDATA!J31 -> 0 | I31: =RAWDATA!G31 -> 0 | J31: =IF(E31>0,"X","")
A32: =RAWDATA!B32 -> 0 | B32: =RAWDATA!C32 -> 0 | C32: =RAWDATA!D32 -> 0 | D32: =RAWDATA!E32 -> 0 | E32: =RAWDATA!F32 -> 0 | F32: =LOOKUP(E32,{0;1;49.1;55.1;61.1;67.1;72.1;78.1;84.1;89.1;94.1;97.1},{"KP";"NB";4;3.7;3.3;3;2.7;2.3;2;1.7;1.3;1}) -> KP | H32: =RAWDATA!J32 -> 0 | I32: =RAWDATA!G32 -> 0 | J32: =IF(E32>0,"X","")
A33: =RAWDATA!B33 -> 0 | B33: =RAWDATA!C33 -> 0 | C33: =RAWDATA!D33 -> 0 | D33: =RAWDATA!E33 -> 0 | E33: =RAWDATA!F33 -> 0 | F33: =LOOKUP(E33,{0;1;49.1;55.1;61.1;67.1;72.1;78.1;84.1;89.1;94.1;97.1},{"KP";"NB";4;3.7;3.3;3;2.7;2.3;2;1.7;1.3;1}) -> KP | H33: =RAWDATA!J33 -> 0 | I33: =RAWDATA!G33 -> 0 | J33: =IF(E33>0,"X","")
A34: =RAWDATA!B34 -> 0 | B34: =RAWDATA!C34 -> 0 | C34: =RAWDATA!D34 -> 0 | D34: =RAWDATA!E34 -> 0 | E34: =RAWDATA!F34 -> 0 | F34: =LOOKUP(E34,{0;1;49.1;55.1;61.1;67.1;72.1;78.1;84.1;89.1;94.1;97.1},{"KP";"NB";4;3.7;3.3;3;2.7;2.3;2;1.7;1.3;1}) -> KP | H34: =RAWDATA!J34 -> 0 | I34: =RAWDATA!G34 -> 0 | J34: =IF(E34>0,"X","")
A35: =RAWDATA!B35 -> 0 | B35: =RAWDATA!C35 -> 0 | C35: =RAWDATA!D35 -> 0 | D35: =RAWDATA!E35 -> 0 | E35: =RAWDATA!F35 -> 0 | F35: =LOOKUP(E35,{0;1;49.1;55.1;61.1;67.1;72.1;78.1;84.1;89.1;94.1;97.1},{"KP";"NB";4;3.7;3.3;3;2.7;2.3;2;1.7;1.3;1}) -> KP | H35: =RAWDATA!J35 -> 0 | I35: =RAWDATA!G35 -> 0 | J35: =IF(E35>0,"X","") | M35: =IF(E35>0,$B$43,0) -> 0 | N35: =IF(E35>0,$B$42,0) -> 0 | O35: =IF(E35>0,$F$38,0) -> 0 | P35: =IF(E35>0,$B$44,0) -> 0 | Q35: =IF(E35>0,$B$41,0) -> 0
A36: =RAWDATA!B36 -> 0 | B36: =RAWDATA!C36 -> 0 | C36: =RAWDATA!D36 -> 0 | D36: =RAWDATA!E36 -> 0 | E36: =RAWDATA!F36 -> 0 | F36: =LOOKUP(E36,{0;1;49.1;55.1;61.1;67.1;72.1;78.1;84.1;89.1;94.1;97.1},{"KP";"NB";4;3.7;3.3;3;2.7;2.3;2;1.7;1.3;1}) -> KP | H36: =RAWDATA!J36 -> 0 | I36: =RAWDATA!G36 -> 0 | J36: =IF(E36>0,"X","") | M36: =IF(E36>0,$B$43,0) -> 0 | N36: =IF(E36>0,$B$42,0) -> 0 | O36: =IF(E36>0,$F$38,0) -> 0 | P36: =IF(E36>0,$B$44,0) -> 0 | Q36: =IF(E36>0,$B$41,0) -> 0
B37: Gesamtpunktzahl | E37: 100
B38: Durchschnittt | F38: {=AVERAGE(IF(ISNUMBER(F2:F36),F2:F36))} -> #DIV/0!
B39: Standardabweichung | F39: =ROUNDUP(STDEVP(F2:F18),1) -> #N/A
A41: Name Dozent: | B41: course.teacher_name | D41: In die grünen Felder bitte die Gesamtpunktzahl eingeben. In die orangenen Felder bitte mit einem 'X' markieren. Gelbe Felder, wenn nötig korrigieren. Sollten Änderungen an Namen oder Matrikelnummer notwendig sein sind diese in Blatt "RAWDATA" zu machen.
A42: Level: | B42: course.ger
A43: ECTS: | B43: course.ects_points
A44: Kursname: | B44: course.name
A45: Kursname-Zusatz | B45: course.alternative
A46: Kurs Englisch | B46: course.name_english
A47: Semester: | B47: semester
A48: Prüfungsdatum | B48: exam_date

Sheet Notenverteilung
A1: =Notenliste!B44 -> course.name | C1: Schnitt: | D1: =Notenliste!F38 -> #DIV/0!
A2: Note | B2: Anzahl
A3: 1 | B3: =COUNTIF(Notenliste!$F$2:$F$36,A3) -> 0
A4: 1.3 | B4: =COUNTIF(Notenliste!$F$2:$F$36,A4) -> 0
A5: 1.7 | B5: =COUNTIF(Notenliste!$F$2:$F$36,A5) -> 0
A6: 2 | B6: =COUNTIF(Notenliste!$F$2:$F$36,A6) -> 0
A7: 2.3 | B7: =COUNTIF(Notenliste!$F$2:$F$36,A7) -> 0
A8: 2.7 | B8: =COUNTIF(Notenliste!$F$2:$F$36,A8) -> 0
A9: 3 | B9: =COUNTIF(Notenliste!$F$2:$F$36,A9) -> 0
A10: 3.3 | B10: =COUNTIF(Notenliste!$F$2:$F$36,A10) -> 0
A11: 3.7 | B11: =COUNTIF(Notenliste!$F$2:$F$36,A11) -> 0
A12: 4 | B12: =COUNTIF(Notenliste!$F$2:$F$36,A12) -> 0
A13: NB | B13: =COUNTIF(Notenliste!$F$2:$F$36,A13) -> 0

Sheet Printlist
A1: =Notenliste!B44&Notenliste!B45 -> course.namecourse.alternative
A2: ="Dozent/in: "&Notenliste!B41 -> Dozent/in: course.teacher_name | F2: ="Semster: "&Notenliste!B47 -> Semster: semester
A3: Nr. | B3: Nachname | C3: Vorname | D3: Hoch-schule | E3: Matrikel nummer | F3: E-Mail | G3: Telefon | H3: Fakultät | I3: Semester | J3: Leistungs-punkte | K3: Prüfungs- schein | L3: Note | M3: Prozent
A4: 1 | B4: =RAWDATA!B2 -> applicant.last_name | C4: =RAWDATA!C2 -> applicant.first_name | D4: =RAWDATA!D2 -> applicant.origin.short_name | E4: =RAWDATA!E2 -> applicant.tag | F4: =RAWDATA!H2 -> applicant.mail | G4: =RAWDATA!I2 -> applicant.phone | H4: =RAWDATA!M2 -> Arabisch 1 | I4: =RAWDATA!N2 -> 0 | J4: =IF(AND(B4=0,E4=0)," ",IF(Notenliste!F2="KP","",Notenliste!I2)) -> #N/A | K4: =IF(OR(L4<=4, L4="bestanden"),"X","") -> #N/A | L4: =IF(AND(B4=0,E4=0),"",IF(Notenliste!F2="KP","",IF(OR(Notenliste!H2="x", Notenliste!H2="X"), "bestanden",Notenliste!F2))) -> #N/A | M4: =IF(AND(B4=0,E4=0)," ",Notenliste!E2) -> attendance.sanitized_grade
A5: 2 | B5: =RAWDATA!B3 -> 0 | C5: =RAWDATA!C3 -> 0 | D5: =RAWDATA!D3 -> 0 | E5: =RAWDATA!E3 -> 0 | F5: =RAWDATA!H3 -> 0 | G5: =RAWDATA!I3 -> 0 | H5: =RAWDATA!M3 -> Arabisch 1 | I5: =RAWDATA!N3 -> 0 | J5: =IF(AND(B5=0,E5=0)," ",IF(Notenliste!F3="KP","",Notenliste!I3)) | K5: =IF(OR(L5<=4, L5="bestanden"),"X","") | L5: =IF(AND(B5=0,E5=0),"",IF(Notenliste!F3="KP","",IF(OR(Notenliste!H3="x", Notenliste!H3="X"), "bestanden",Notenliste!F3))) | M5: =IF(AND(B5=0,E5=0)," ",Notenliste!E3)
A6: 3 | B6: =RAWDATA!B4 -> 0 | C6: =RAWDATA!C4 -> 0 | D6: =RAWDATA!D4 -> 0 | E6: =RAWDATA!E4 -> 0 | F6: =RAWDATA!H4 -> 0 | G6: =RAWDATA!I4 -> 0 | H6: =RAWDATA!M4 -> Arabisch 1 | I6: =RAWDATA!N4 -> 0 | J6: =IF(AND(B6=0,E6=0)," ",IF(Notenliste!F4="KP","",Notenliste!I4)) | K6: =IF(OR(L6<=4, L6="bestanden"),"X","") | L6: =IF(AND(B6=0,E6=0),"",IF(Notenliste!F4="KP","",IF(OR(Notenliste!H4="x", Notenliste!H4="X"), "bestanden",Notenliste!F4))) | M6: =IF(AND(B6=0,E6=0)," ",Notenliste!E4)
A7: 4 | B7: =RAWDATA!B5 -> 0 | C7: =RAWDATA!C5 -> 0 | D7: =RAWDATA!D5 -> 0 | E7: =RAWDATA!E5 -> 0 | F7: =RAWDATA!H5 -> 0 | G7: =RAWDATA!I5 -> 0 | H7: =RAWDATA!M5 -> Arabisch 1 | I7: =RAWDATA!N5 -> 0 | J7: =IF(AND(B7=0,E7=0)," ",IF(Notenliste!F5="KP","",Notenliste!I5)) | K7: =IF(OR(L7<=4, L7="bestanden"),"X","") | L7: =IF(AND(B7=0,E7=0),"",IF(Notenliste!F5="KP","",IF(OR(Notenliste!H5="x", Notenliste!H5="X"), "bestanden",Notenliste!F5))) | M7: =IF(AND(B7=0,E7=0)," ",Notenliste!E5)
A8: 5 | B8: =RAWDATA!B6 -> 0 | C8: =RAWDATA!C6 -> 0 | D8: =RAWDATA!D6 -> 0 | E8: =RAWDATA!E6 -> 0 | F8: =RAWDATA!H6 -> 0 | G8: =RAWDATA!I6 -> 0 | H8: =RAWDATA!M6 -> Arabisch 1 | I8: =RAWDATA!N6 -> 0 | J8: =IF(AND(B8=0,E8=0)," ",IF(Notenliste!F6="KP","",Notenliste!I6)) | K8: =IF(OR(L8<=4, L8="bestanden"),"X","") | L8: =IF(AND(B8=0,E8=0),"",IF(Notenliste!F6="KP","",IF(OR(Notenliste!H6="x", Notenliste!H6="X"), "bestanden",Notenliste!F6))) | M8: =IF(AND(B8=0,E8=0)," ",Notenliste!E6)
A9: 6 | B9: =RAWDATA!B7 -> 0 | C9: =RAWDATA!C7 -> 0 | D9: =RAWDATA!D7 -> 0 | E9: =RAWDATA!E7 -> 0 | F9: =RAWDATA!H7 -> 0 | G9: =RAWDATA!I7 -> 0 | H9: =RAWDATA!M7 -> Arabisch 1 | I9: =RAWDATA!N7 -> 0 | J9: =IF(AND(B9=0,E9=0)," ",IF(Notenliste!F7="KP","",Notenliste!I7)) | K9: =IF(OR(L9<=4, L9="bestanden"),"X","") | L9: =IF(AND(B9=0,E9=0),"",IF(Notenliste!F7="KP","",IF(OR(Notenliste!H7="x", Notenliste!H7="X"), "bestanden",Notenliste!F7))) | M9: =IF(AND(B9=0,E9=0)," ",Notenliste!E7)
A10: 7 | B10: =RAWDATA!B8 -> 0 | C10: =RAWDATA!C8 -> 0 | D10: =RAWDATA!D8 -> 0 | E10: =RAWDATA!E8 -> 0 | F10: =RAWDATA!H8 -> 0 | G10: =RAWDATA!I8 -> 0 | H10: =RAWDATA!M8 -> Arabisch 1 | I10: =RAWDATA!N8 -> 0 | J10: =IF(AND(B10=0,E10=0)," ",IF(Notenliste!F8="KP","",Notenliste!I8)) | K10: =IF(OR(L10<=4, L10="bestanden"),"X","") | L10: =IF(AND(B10=0,E10=0),"",IF(Notenliste!F8="KP","",IF(OR(Notenliste!H8="x", Notenliste!H8="X"), "bestanden",Notenliste!F8))) | M10: =IF(AND(B10=0,E10=0)," ",Notenliste!E8)
A11: 8 | B11: =RAWDATA!B9 -> 0 | C11: =RAWDATA!C9 -> 0 | D11: =RAWDATA!D9 -> 0 | E11: =RAWDATA!E9 -> 0 | F11: =RAWDATA!H9 -> 0 | G11: =RAWDATA!I9 -> 0 | H11: =RAWDATA!M9 -> Arabisch 1 | I11: =RAWDATA!N9 -> 0 | J11: =IF(AND(B11=0,E11=0)," ",IF(Notenliste!F9="KP","",Notenliste!I9)) | K11: =IF(OR(L11<=4, L11="bestanden"),"X","") | L11: =IF(AND(B11=0,E11=0),"",IF(Notenliste!F9="KP","",IF(OR(Notenliste!H9="x", Notenliste!H9="X"), "bestanden",Notenliste!F9))) | M11: =IF(AND(B11=0,E11=0)," ",Notenliste!E9)
A12: 9 | B12: =RAWDATA!B10 -> 0 | C12: =RAWDATA!C10 -> 0 | D12: =RAWDATA!D10 -> 0 | E12: =RAWDATA!E10 -> 0 | F12: =RAWDATA!H10 -> 0 | G12: =RAWDATA!I10 -> 0 | H12: =RAWDATA!M10 -> Arabisch 1 | I12: =RAWDATA!N10 -> 0 | J12: =IF(AND(B12=0,E12=0)," ",IF(Notenliste!F10="KP","",Notenliste!I10)) | K12: =IF(OR(L12<=4, L12="bestanden"),"X","") | L12: =IF(AND(B12=0,E12=0),"",IF(Notenliste!F10="KP","",IF(OR(Notenliste!H10="x", Notenliste!H10="X"), "bestanden",Notenliste!F10))) | M12: =IF(AND(B12=0,E12=0)," ",Notenliste!E10)
A13: 10 | B13: =RAWDATA!B11 -> 0 | C13: =RAWDATA!C11 -> 0 | D13: =RAWDATA!D11 -> 0 | E13: =RAWDATA!E11 -> 0 | F13: =RAWDATA!H11 -> 0 | G13: =RAWDATA!I11 -> 0 | H13: =RAWDATA!M11 -> Arabisch 1 | I13: =RAWDATA!N11 -> 0 | J13: =IF(AND(B13=0,E13=0)," ",IF(Notenliste!F11="KP","",Notenliste!I11)) | K13: =IF(OR(L13<=4, L13="bestanden"),"X","") | L13: =IF(AND(B13=0,E13=0),"",IF(Notenliste!F11="KP","",IF(OR(Notenliste!H11="x", Notenliste!H11="X"), "bestanden",Notenliste!F11))) | M13: =IF(AND(B13=0,E13=0)," ",Notenliste!E11)
A14: 11 | B14: =RAWDATA!B12 -> 0 | C14: =RAWDATA!C12 -> 0 | D14: =RAWDATA!D12 -> 0 | E14: =RAWDATA!E12 -> 0 | F14: =RAWDATA!H12 -> 0 | G14: =RAWDATA!I12 -> 0 | H14: =RAWDATA!M12 -> Arabisch 1 | I14: =RAWDATA!N12 -> 0 | J14: =IF(AND(B14=0,E14=0)," ",IF(Notenliste!F12="KP","",Notenliste!I12)) | K14: =IF(OR(L14<=4, L14="bestanden"),"X","") | L14: =IF(AND(B14=0,E14=0),"",IF(Notenliste!F12="KP","",IF(OR(Notenliste!H12="x", Notenliste!H12="X"), "bestanden",Notenliste!F12))) | M14: =IF(AND(B14=0,E14=0)," ",Notenliste!E12)
A15: 12 | B15: =RAWDATA!B13 -> 0 | C15: =RAWDATA!C13 -> 0 | D15: =RAWDATA!D13 -> 0 | E15: =RAWDATA!E13 -> 0 | F15: =RAWDATA!H13 -> 0 | G15: =RAWDATA!I13 -> 0 | H15: =RAWDATA!M13 -> Arabisch 1 | I15: =RAWDATA!N13 -> 0 | J15: =IF(AND(B15=0,E15=0)," ",IF(Notenliste!F13="KP","",Notenliste!I13)) | K15: =IF(OR(L15<=4, L15="bestanden"),"X","") | L15: =IF(AND(B15=0,E15=0),"",IF(Notenliste!F13="KP","",IF(OR(Notenliste!H13="x", Notenliste!H13="X"), "bestanden",Notenliste!F13))) | M15: =IF(AND(B15=0,E15=0)," ",Notenliste!E13)
... A38: 35 | B38: =RAWDATA!B36 -> 0 | C38: =RAWDATA!C36 -> 0 | D38: =RAWDATA!D36 -> 0 | E38: =RAWDATA!E36 -> 0 | F38: =RAWDATA!H36 -> 0 | G38: =RAWDATA!I36 -> 0 | H38: =RAWDATA!M36 -> 0 | I38: =RAWDATA!N36 -> 0 | J38: =IF(AND(B38=0,E38=0)," ",IF(Notenliste!F36="KP","",Notenliste!I36)) | K38: =IF(OR(L38<=4, L38="bestanden"),"X","") | L38: =IF(AND(B38=0,E38=0),"",IF(Notenliste!F36="KP","",IF(OR(Notenliste!H36="x", Notenliste!H36="X"), "bestanden",Notenliste!F36))) | M38: =IF(AND(B38=0,E38=0)," ",Notenliste!E36)
K39: =COUNTIF(K4:K38,"X") -> 0
A40: Datum:_________________________ Unterschrift:_______________________________________

Sheet Paricipantlist
A1: =Notenliste!B44&Notenliste!B45 -> course.namecourse.alternative
A2: Anwesenheitsliste
A3: ="Dozent/in: "&Notenliste!B41 -> Dozent/in: course.teacher_name
A4: Nr. | B4: Nachname | C4: Vorname | D4: Hoch-schule | E4: Matrikel nummer | V4: Prüfungs- schein | W4: Schreibt Prüfung
G5: 1 | H5: 2 | I5: 3 | J5: 4 | K5: 5 | L5: 6 | M5: 7 | N5: 8 | O5: 9 | P5: 10 | Q5: 11 | R5: 12 | S5: 13 | T5: 14
A6: 1 | B6: =RAWDATA!B2 -> applicant.last_name | C6: =RAWDATA!C2 -> applicant.first_name | D6: =RAWDATA!D2 -> applicant.origin.short_name | E6: =RAWDATA!E2 -> applicant.tag
A7: 2 | B7: =RAWDATA!B3 -> 0 | C7: =RAWDATA!C3 -> 0 | D7: =RAWDATA!D3 -> 0 | E7: =RAWDATA!E3 -> 0
A8: 3 | B8: =RAWDATA!B4 -> 0 | C8: =RAWDATA!C4 -> 0 | D8: =RAWDATA!D4 -> 0 | E8: =RAWDATA!E4 -> 0
A9: 4 | B9: =RAWDATA!B5 -> 0 | C9: =RAWDATA!C5 -> 0 | D9: =RAWDATA!D5 -> 0 | E9: =RAWDATA!E5 -> 0
A10: 5 | B10: =RAWDATA!B6 -> 0 | C10: =RAWDATA!C6 -> 0 | D10: =RAWDATA!D6 -> 0 | E10: =RAWDATA!E6 -> 0
A11: 6 | B11: =RAWDATA!B7 -> 0 | C11: =RAWDATA!C7 -> 0 | D11: =RAWDATA!D7 -> 0 | E11: =RAWDATA!E7 -> 0
A12: 7 | B12: =RAWDATA!B8 -> 0 | C12: =RAWDATA!C8 -> 0 | D12: =RAWDATA!D8 -> 0 | E12: =RAWDATA!E8 -> 0
A13: 8 | B13: =RAWDATA!B9 -> 0 | C13: =RAWDATA!C9 -> 0 | D13: =RAWDATA!D9 -> 0 | E13: =RAWDATA!E9 -> 0
A14: 9 | B14: =RAWDATA!B10 -> 0 | C14: =RAWDATA!C10 -> 0 | D14: =RAWDATA!D10 -> 0 | E14: =RAWDATA!E10 -> 0
A15: 10 | B15: =RAWDATA!B11 -> 0 | C15: =RAWDATA!C11 -> 0 | D15: =RAWDATA!D11 -> 0 | E15: =RAWDATA!E11 -> 0
A16: 11 | B16: =RAWDATA!B12 -> 0 | C16: =RAWDATA!C12 -> 0 | D16: =RAWDATA!D12 -> 0 | E16: =RAWDATA!E12 -> 0
A17: 12 | B17: =RAWDATA!B13 -> 0 | C17: =RAWDATA!C13 -> 0 | D17: =RAWDATA!D13 -> 0 | E17: =RAWDATA!E13 -> 0
... A40: 35 | B40: =RAWDATA!B36 -> 0 | C40: =RAWDATA!C36 -> 0 | D40: =RAWDATA!D36 -> 0 | E40: =RAWDATA!E36 -> 0

Sheet Teilnehmer
A1: Matrikelnummer | B1: Status | C1: LP | D1: Note | E1: Datum | F1: Individueller Titel deutsch | G1: Individueller Titel englisch | H1: Anmerkungen
A2: =IF(Notenliste!D2=0," ",Notenliste!D2) -> applicant.tag | C2: =IF(Notenliste!D2<>0,IF(Notenliste!I2<>0,Notenliste!I2,Notenliste!$B$33)," ") -> attendance.ects_points | D2: =IF(Notenliste!D2=0," ",IF(Notenliste!F2="KP"," ",IF(Notenliste!F2="NB","nicht bestanden",IF(OR(Notenliste!H2="x", Notenliste!H2="X"),"bestanden",Notenliste!F2)))) -> #N/A | E2: =IF(Notenliste!D2<>0,Notenliste!$B$48," ") -> exam_date
A3: =IF(Notenliste!D3=0," ",Notenliste!D3) | C3: =IF(Notenliste!D3<>0,IF(Notenliste!I3<>0,Notenliste!I3,Notenliste!$B$33)," ") | D3: =IF(Notenliste!D3=0," ",IF(Notenliste!F3="KP"," ",IF(Notenliste!F3="NB","nicht bestanden",IF(OR(Notenliste!H3="x", Notenliste!H3="X"),"bestanden",Notenliste!F3)))) | E3: =IF(Notenliste!D3<>0,Notenliste!$B$48," ")
A4: =IF(Notenliste!D4=0," ",Notenliste!D4) | C4: =IF(Notenliste!D4<>0,IF(Notenliste!I4<>0,Notenliste!I4,Notenliste!$B$33)," ") | D4: =IF(Notenliste!D4=0," ",IF(Notenliste!F4="KP"," ",IF(Notenliste!F4="NB","nicht bestanden",IF(OR(Notenliste!H4="x", Notenliste!H4="X"),"bestanden",Notenliste!F4)))) | E4: =IF(Notenliste!D4<>0,Notenliste!$B$48," ")
A5: =IF(Notenliste!D5=0," ",Notenliste!D5) | C5: =IF(Notenliste!D5<>0,IF(Notenliste!I5<>0,Notenliste!I5,Notenliste!$B$33)," ") | D5: =IF(Notenliste!D5=0," ",IF(Notenliste!F5="KP"," ",IF(Notenliste!F5="NB","nicht bestanden",IF(OR(Notenliste!H5="x", Notenliste!H5="X"),"bestanden",Notenliste!F5)))) | E5: =IF(Notenliste!D5<>0,Notenliste!$B$48," ")
A6: =IF(Notenliste!D6=0," ",Notenliste!D6) | C6: =IF(Notenliste!D6<>0,IF(Notenliste!I6<>0,Notenliste!I6,Notenliste!$B$33)," ") | D6: =IF(Notenliste!D6=0," ",IF(Notenliste!F6="KP"," ",IF(Notenliste!F6="NB","nicht bestanden",IF(OR(Notenliste!H6="x", Notenliste!H6="X"),"bestanden",Notenliste!F6)))) | E6: =IF(Notenliste!D6<>0,Notenliste!$B$48," ")
A7: =IF(Notenliste!D7=0," ",Notenliste!D7) | C7: =IF(Notenliste!D7<>0,IF(Notenliste!I7<>0,Notenliste!I7,Notenliste!$B$33)," ") | D7: =IF(Notenliste!D7=0," ",IF(Notenliste!F7="KP"," ",IF(Notenliste!F7="NB","nicht bestanden",IF(OR(Notenliste!H7="x", Notenliste!H7="X"),"bestanden",Notenliste!F7)))) | E7: =IF(Notenliste!D7<>0,Notenliste!$B$48," ")
A8: =IF(Notenliste!D8=0," ",Notenliste!D8) | C8: =IF(Notenliste!D8<>0,IF(Notenliste!I8<>0,Notenliste!I8,Notenliste!$B$33)," ") | D8: =IF(Notenliste!D8=0," ",IF(Notenliste!F8="KP"," ",IF(Notenliste!F8="NB","nicht bestanden",IF(OR(Notenliste!H8="x", Notenliste!H8="X"),"bestanden",Notenliste!F8)))) | E8: =IF(Notenliste!D8<>0,Notenliste!$B$48," ")
A9: =IF(Notenliste!D9=0," ",Notenliste!D9) | C9: =IF(Notenliste!D9<>0,IF(Notenliste!I9<>0,Notenliste!I9,Notenliste!$B$33)," ") | D9: =IF(Notenliste!D9=0," ",IF(Notenliste!F9="KP"," ",IF(Notenliste!F9="NB","nicht bestanden",IF(OR(Notenliste!H9="x", Notenliste!H9="X"),"bestanden",Notenliste!F9)))) | E9: =IF(Notenliste!D9<>0,Notenliste!$B$48," ")
A10: =IF(Notenliste!D10=0," ",Notenliste!D10) | C10: =IF(Notenliste!D10<>0,IF(Notenliste!I10<>0,Notenliste!I10,Notenliste!$B$33)," ") | D10: =IF(Notenliste!D10=0," ",IF(Notenliste!F10="KP"," ",IF(Notenliste!F10="NB","nicht bestanden",IF(OR(Notenliste!H10="x", Notenliste!H10="X"),"bestanden",Notenliste!F10)))) | E10: =IF(Notenliste!D10<>0,Notenliste!$B$48," ")
A11: =IF(Notenliste!D11=0," ",Notenliste!D11) | C11: =IF(Notenliste!D11<>0,IF(Notenliste!I11<>0,Notenliste!I11,Notenliste!$B$33)," ") | D11: =IF(Notenliste!D11=0," ",IF(Notenliste!F11="KP"," ",IF(Notenliste!F11="NB","nicht bestanden",IF(OR(Notenliste!H11="x", Notenliste!H11="X"),"bestanden",Notenliste!F11)))) | E11: =IF(Notenliste!D11<>0,Notenliste!$B$48," ")
A12: =IF(Notenliste!D12=0," ",Notenliste!D12) | C12: =IF(Notenliste!D12<>0,IF(Notenliste!I12<>0,Notenliste!I12,Notenliste!$B$33)," ") | D12: =IF(Notenliste!D12=0," ",IF(Notenliste!F12="KP"," ",IF(Notenliste!F12="NB","nicht bestanden",IF(OR(Notenliste!H12="x", Notenliste!H12="X"),"bestanden",Notenliste!F12)))) | E12: =IF(Notenliste!D12<>0,Notenliste!$B$48," ")
A13: =IF(Notenliste!D13=0," ",Notenliste!D13) | C13: =IF(Notenliste!D13<>0,IF(Notenliste!I13<>0,Notenliste!I13,Notenliste!$B$33)," ") | D13: =IF(Notenliste!D13=0," ",IF(Notenliste!F13="KP"," ",IF(Notenliste!F13="NB","nicht bestanden",IF(OR(Notenliste!H13="x", Notenliste!H13="X"),"bestanden",Notenliste!F13)))) | E13: =IF(Notenliste!D13<>0,Notenliste!$B$48," ")
... A36: =IF(Notenliste!D36=0," ",Notenliste!D36) | C36: =IF(Notenliste!D36<>0,IF(Notenliste!I36<>0,Notenliste!I36,Notenliste!$B$33)," ") | D36: =IF(Notenliste!D36=0," ",IF(Notenliste!F36="KP"," ",IF(Notenliste!F36="NB","nicht bestanden",IF(OR(Notenliste!H36="x", Notenliste!H36="X"),"bestanden",Notenliste!F36)))) | E36: =IF(Notenliste!D36<>0,Notenliste!$B$48," ")
