Workbook
Name kursname: Notenliste!$A$52:$A$60
Name semester: Notenliste!$D$52:$D$62

Sheet RAWDATA
A1: Nr. | B1: Nachname | C1: Vorname | D1: Hochschule | E1: Matrikelnummer | F1: Note | G1: LP | H1: Level | I1: E-Mail | J1: Telefon | K1: bestanden | L1: Teilnahmeschein | M1: Schein erhalten | N1: Fakultät | O1: Semester
A2: 1 | B2: applicant.last_name | C2: applicant.first_name | D2: applicant.origin.short_name | E2: applicant.tag | F2: attendance.sanitized_grade | G2: attendance.ects_points | H2: applicant.get_test_ger | I2: applicant.mail | J2: applicant.phone | K2: attendance.hide_grade_str | L2: attendance.ts_requested_str | M2: attendance.ts_received_str | N2: Arabisch 1
A3: 2 | N3: Arabisch 1
A4: 3 | N4: Arabisch 1
A5: 4 | N5: Arabisch 1
A6: 5 | N6: Arabisch 1
A7: 6 | N7: Arabisch 1
A8: 7 | N8: Arabisch 1
A9: 8 | N9: Arabisch 1
A10: 9 | N10: Arabisch 1
A11: 10 | N11: Arabisch 1
A12: 11 | N12: Arabisch 1
A13: 12 | N13: Arabisch 1
A14: 13 | N14: Arabisch 1
... A24: 23 | N24: Arabisch 1
A25: 24
A26: 25
A27: 26
A28: 27
A29: 28
A30: 29
A31: 30
A32: 31
A33: 32
A34: 33
A35: 34
A36: 35

Sheet Notenliste
A1: Name | B1: Vorname | C1: Hochschule | D1: Matrikelnummer | E1: Level | F1: LO1 | G1: LO2 | H1: LO3 | I1: LO4 | J1: LO5 | K1: LO6 | L1: LO7 | M1: LO8 | N1: LO9 | O1: LO10 | P1: LO11 | Q1: LO12 | R1: LO13 | S1: Gesamtbewertung in % | T1: Note | V1: LP | W1: bestanden statt Note | X1: Prüfungs-schein | AA1: ECTS | AB1: Level | AC1: Schnitt | AD1: Kursname | AE1: Name Dozent
A2: =RAWDATA!B2 -> applicant.last_name | B2: =RAWDATA!C2 -> applicant.first_name | C2: =RAWDATA!D2 -> applicant.origin.short_name | D2: =RAWDATA!E2 -> applicant.tag | E2: =RAWDATA!H2 -> applicant.get_test_ger | S2: =IF(ISBLANK(RAWDATA!F2),SUM(F2:R2),RAWDATA!F2) -> attendance.sanitized_grade | T2: =LOOKUP(S2,{0;1;49.1;55.1;61.1;67.1;72.1;78.1;84.1;89.1;94.1;97.1},{"KP";"NB";4;3.7;3.3;3;2.7;2.3;2;1.7;1.3;1}) -> #N/A | V2: =RAWDATA!G2 -> attendance.ects_points | W2: =RAWDATA!K2 -> attendance.hide_grade_str | X2: =IF(S2>0,"X","") -> X | AA2: =IF(S2>0,$B$43,0) -> course.ects_points | AB2: =IF(S2>0,$B$42,0) -> course.ger | AC2: =IF(S2>0,$T$38,0) -> #DIV/0! | AD2: =IF(S2>0,$B$44,0) -> course.name | AE2: =IF(S2>0,$B$41,0) -> course.teacher_name
A3: =RAWDATA!B3 -> 0 | B3: =RAWDATA!C3 -> 0 | C3: =RAWDATA!D3 -> 0 | D3: =RAWDATA!E3 -> 0 | E3: =RAWDATA!H3 -> 0 | S3: =IF(ISBLANK(RAWDATA!F3),SUM(F3:R3),RAWDATA!F3) -> 0 | T3: =LOOKUP(S3,{0;1;49.1;55.1;61.1;67.1;72.1;78.1;84.1;89.1;94.1;97.1},{"KP";"NB";4;3.7;3.3;3;2.7;2.3;2;1.7;1.3;1}) -> KP | V3: =RAWDATA!G3 -> 0 | W3: =RAWDATA!K3 -> 0 | X3: =IF(S3>0,"X","") | AA3: =IF(S3>0,$B$43,0) -> 0 | AB3: =IF(S3>0,$B$42,0) -> 0 | AC3: =IF(S3>0,$T$38,0) -> 0 | AD3: =IF(S3>0,$B$44,0) -> 0 | AE3: =IF(S3>0,$B$41,0) -> 0
A4: =RAWDATA!B4 -> 0 | B4: =RAWDATA!C4 -> 0 | C4: =RAWDATA!D4 -> 0 | D4: =RAWDATA!E4 -> 0 | E4: =RAWDATA!H4 -> 0 | S4: =IF(ISBLANK(RAWDATA!F4),SUM(F4:R4),RAWDATA!F4) -> 0 | T4: =LOOKUP(S4,{0;1;49.1;55.1;61.1;67.1;72.1;78.1;84.1;89.1;94.1;97.1},{"KP";"NB";4;3.7;3.3;3;2.7;2.3;2;1.7;1.3;1}) -> KP | V4: =RAWDATA!G4 -> 0 | W4: =RAWDATA!K4 -> 0 | X4: =IF(S4>0,"X","") | AA4: =IF(S4>0,$B$43,0) -> 0 | AB4: =IF(S4>0,$B$42,0) -> 0 | AC4: =IF(S4>0,$T$38,0) -> 0 | AD4: =IF(S4>0,$B$44,0) -> 0 | AE4: =IF(S4>0,$B$41,0) -> 0
A5: =RAWDATA!B5 -> 0 | B5: =RAWDATA!C5 -> 0 | C5: =RAWDATA!D5 -> 0 | D5: =RAWDATA!E5 -> 0 | E5: =RAWDATA!H5 -> 0 | S5: =IF(ISBLANK(RAWDATA!F5),SUM(F5:R5),RAWDATA!F5) -> 0 | T5: =LOOKUP(S5,{0;1;49.1;55.1;61.1;67.1;72.1;78.1;84.1;89.1;94.1;97.1},{"KP";"NB";4;3.7;3.3;3;2.7;2.3;2;1.7;1.3;1}) -> KP | V5: =RAWDATA!G5 -> 0 | W5: =RAWDATA!K5 -> 0 | X5: =IF(S5>0,"X","") | AA5: =IF(S5>0,$B$43,0) -> 0 | AB5: =IF(S5>0,$B$42,0) -> 0 | AC5: =IF(S5>0,$T$38,0) -> 0 | AD5: =IF(S5>0,$B$44,0) -> 0 | AE5: =IF(S5>0,$B$41,0) -> 0
A6: =RAWDATA!B6 -> 0 | B6: =RAWDATA!C6 -> 0 | C6: =RAWDATA!D6 -> 0 | D6: =RAWDATA!E6 -> 0 | E6: =RAWDATA!H6 -> 0 | S6: =IF(ISBLANK(RAWDATA!F6),SUM(F6:R6),RAWDATA!F6) -> 0 | T6: =LOOKUP(S6,{0;1;49.1;55.1;61.1;67.1;72.1;78.1;84.1;89.1;94.1;97.1},{"KP";"NB";4;3.7;3.3;3;2.7;2.3;2;1.7;1.3;1}) -> KP | V6: =RAWDATA!G6 -> 0 | W6: =RAWDATA!K6 -> 0 | X6: =IF(S6>0,"X","") | AA6: =IF(S6>0,$B$43,0) -> 0 | AB6: =IF(S6>0,$B$42,0) -> 0 | AC6: =IF(S6>0,$T$38,0) -> 0 | AD6: =IF(S6>0,$B$44,0) -> 0 | AE6: =IF(S6>0,$B$41,0) -> 0
A7: =RAWDATA!B7 -> 0 | B7: =RAWDATA!C7 -> 0 | C7: =RAWDATA!D7 -> 0 | D7: =RAWDATA!E7 -> 0 | E7: =RAWDATA!H7 -> 0 | S7: =IF(ISBLANK(RAWDATA!F7),SUM(F7:R7),RAWDATA!F7) -> 0 | T7: =LOOKUP(S7,{0;1;49.1;55.1;61.1;67.1;72.1;78.1;84.1;89.1;94.1;97.1},{"KP";"NB";4;3.7;3.3;3;2.7;2.3;2;1.7;1.3;1}) -> KP | V7: =RAWDATA!G7 -> 0 | W7: =RAWDATA!K7 -> 0 | X7: =IF(S7>0,"X","") | AA7: =IF(S7>0,$B$43,0) -> 0 | AB7: =IF(S7>0,$B$42,0) -> 0 | AC7: =IF(S7>0,$T$38,0) -> 0 | AD7: =IF(S7>0,$B$44,0) -> 0 | AE7: =IF(S7>0,$B$41,0) -> 0
A8: =RAWDATA!B8 -> 0 | B8: =RAWDATA!C8 -> 0 | C8: =RAWDATA!D8 -> 0 | D8: =RAWDATA!E8 -> 0 | E8: =RAWDATA!H8 -> 0 | S8: =IF(ISBLANK(RAWDATA!F8),SUM(F8:R8),RAWDATA!F8) -> 0 | T8: =LOOKUP(S8,{0;1;49.1;55.1;61.1;67.1;72.1;78.1;84.1;89.1;94.1;97.1},{"KP";"NB";4;3.7;3.3;3;2.7;2.3;2;1.7;1.3;1}) -> KP | V8: =RAWDATA!G8 -> 0 | W8: =RAWDATA!K8 -> 0 | X8: =IF(S8>0,"X","") | AA8: =IF(S8>0,$B$43,0) -> 0 | AB8: =IF(S8>0,$B$42,0) -> 0 | AC8: =IF(S8>0,$T$38,0) -> 0 | AD8: =IF(S8>0,$B$44,0) -> 0 | AE8: =IF(S8>0,$B$41,0) -> 0
A9: =RAWDATA!B9 -> 0 | B9: =RAWDATA!C9 -> 0 | C9: =RAWDATA!D9 -> 0 | D9: =RAWDATA!E9 -> 0 | E9: =RAWDATA!H9 -> 0 | S9: =IF(ISBLANK(RAWDATA!F9),SUM(F9:R9),RAWDATA!F9) -> 0 | T9: =LOOKUP(S9,{0;1;49.1;55.1;61.1;67.1;72.1;78.1;84.1;89.1;94.1;97.1},{"KP";"NB";4;3.7;3.3;3;2.7;2.3;2;1.7;1.3;1}) -> KP | V9: =RAWDATA!G9 -> 0 | W9: =RAWDATA!K9 -> 0 | X9: =IF(S9>0,"X","") | AA9: =IF(S9>0,$B$43,0) -> 0 | AB9: =IF(S9>0,$B$42,0) -> 0 | AC9: =IF(S9>0,$T$38,0) -> 0 | AD9: =IF(S9>0,$B$44,0) -> 0 | AE9: =IF(S9>0,$B$41,0) -> 0
A10: =RAWDATA!B10 -> 0 | B10: =RAWDATA!C10 -> 0 | C10: =RAWDATA!D10 -> 0 | D10: =RAWDATA!E10 -> 0 | E10: =RAWDATA!H10 -> 0 | S10: =IF(ISBLANK(RAWDATA!F10),SUM(F10:R10),RAWDATA!F10) -> 0 | T10: =LOOKUP(S10,{0;1;49.1;55.1;61.1;67.1;72.1;78.1;84.1;89.1;94.1;97.1},{"KP";"NB";4;3.7;3.3;3;2.7;2.3;2;1.7;1.3;1}) -> KP | V10: =RAWDATA!G10 -> 0 | W10: =RAWDATA!K10 -> 0 | X10: =IF(S10>0,"X","") | AA10: =IF(S10>0,$B$43,0) -> 0 | AB10: =IF(S10>0,$B$42,0) -> 0 | AC10: =IF(S10>0,$T$38,0) -> 0 | AD10: =IF(S10>0,$B$44,0) -> 0 | AE10: =IF(S10>0,$B$41,0) -> 0
A11: =RAWDATA!B11 -> 0 | B11: =RAWDATA!C11 -> 0 | C11: =RAWDATA!D11 -> 0 | D11: =RAWDATA!E11 -> 0 | E11: =RAWDATA!H11 -> 0 | S11: =IF(ISBLANK(RAWDATA!F11),SUM(F11:R11),RAWDATA!F11) -> 0 | T11: =LOOKUP(S11,{0;1;49.1;55.1;61.1;67.1;72.1;78.1;84.1;89.1;94.1;97.1},{"KP";"NB";4;3.7;3.3;3;2.7;2.3;2;1.7;1.3;1}) -> KP | V11: =RAWDATA!G11 -> 0 | W11: =RAWDATA!K11 -> 0 | X11: =IF(S11>0,"X","") | AA11: =IF(S11>0,$B$43,0) -> 0 | AB11: =IF(S11>0,$B$42,0) -> 0 | AC11: =IF(S11>0,$T$38,0) -> 0 | AD11: =IF(S11>0,$B$44,0) -> 0 | AE11: =IF(S11>0,$B$41,0) -> 0
A12: =RAWDATA!B12 -> 0 | B12: =RAWDATA!C12 -> 0 | C12: =RAWDATA!D12 -> 0 | D12: =RAWDATA!E12 -> 0 | E12: =RAWDATA!H12 -> 0 | S12: =IF(ISBLANK(RAWDATA!F12),SUM(F12:R12),RAWDATA!F12) -> 0 | T12: =LOOKUP(S12,{0;1;49.1;55.1;61.1;67.1;72.1;78.1;84.1;89.1;94.1;97.1},{"KP";"NB";4;3.7;3.3;3;2.7;2.3;2;1.7;1.3;1}) -> KP | V12: =RAWDATA!G12 -> 0 | W12: =RAWDATA!K12 -> 0 | X12: =IF(S12>0,"X","") | AA12: =IF(S12>0,$B$43,0) -> 0 | AB12: =IF(S12>0,$B$42,0) -> 0 | AC12: =IF(S12>0,$T$38,0) -> 0 | AD12: =IF(S12>0,$B$44,0) -> 0 | AE12: =IF(S12>0,$B$41,0) -> 0
A13: =RAWDATA!B13 -> 0 | B13: =RAWDATA!C13 -> 0 | C13: =RAWDATA!D13 -> 0 | D13: =RAWDATA!E13 -> 0 | E13: =RAWDATA!H13 -> 0 | S13: =IF(ISBLANK(RAWDATA!F13),SUM(F13:R13),RAWDATA!F13) -> 0 | T13: =LOOKUP(S13,{0;1;49.1;55.1;61.1;67.1;72.1;78.1;84.1;89.1;94.1;97.1},{"KP";"NB";4;3.7;3.3;3;2.7;2.3;2;1.7;1.3;1}) -> KP | V13: =RAWDATA!G13 -> 0 | W13: =RAWDATA!K13 -> 0 | X13: =IF(S13>0,"X","") | AA13: =IF(S13>0,$B$43,0) -> 0 | AB13: =IF(S13>0,$B$42,0) -> 0 | AC13: =IF(S13>0,$T$38,0) -> 0 | AD13: =IF(S13>0,$B$44,0) -> 0 | AE13: =IF(S13>0,$B$41,0) -> 0
... A24: =RAWDATA!B24 -> 0 | B24: =RAWDATA!C24 -> 0 | C24: =RAWDATA!D24 -> 0 | D24: =RAWDATA!E24 -> 0 | E24: =RAWDATA!H24 -> 0 | S24: =IF(ISBLANK(RAWDATA!F24),SUM(F24:R24),RAWDATA!F24) -> 0 | T24: =LOOKUP(S24,{0;1;49.1;55.1;61.1;67.1;72.1;78.1;84.1;89.1;94.1;97.1},{"KP";"NB";4;3.7;3.3;3;2.7;2.3;2;1.7;1.3;1}) -> KP | V24: =RAWDATA!G24 -> 0 | W24: =RAWDATA!K24 -> 0 | X24: =IF(S24>0,"X","") | AA24: =IF(S24>0,$B$43,0) -> 0 | AB24: =IF(S24>0,$B$42,0) -> 0 | AC24: =IF(S24>0,$T$38,0) -> 0 | AD24: =IF(S24>0,$B$44,0) -> 0 | AE24: =IF(S24>0,$B$41,0) -> 0
A25: =RAWDATA!B25 -> 0 | B25: =RAWDATA!C25 -> 0 | C25: =RAWDATA!D25 -> 0 | D25: =RAWDATA!E25 -> 0 | E25: =RAWDATA!H25 -> 0 | S25: =IF(ISBLANK(RAWDATA!F25),SUM(F25:R25),RAWDATA!F25) -> 0 | T25: =LOOKUP(S25,{0;1;49.1;55.1;61.1;67.1;72.1;78.1;84.1;89.1;94.1;97.1},{"KP";"NB";4;3.7;3.3;3;2.7;2.3;2;1.7;1.3;1}) -> KP | V25: =RAWDATA!G25 -> 0 | W25: =RAWDATA!K25 -> 0 | X25: =IF(S25>0,"X","")
A26: =RAWDATA!B26 -> 0 | B26: =RAWDATA!C26 -> 0 | C26: =RAWDATA!D26 -> 0 | D26: =RAWDATA!E26 -> 0 | E26: =RAWDATA!H26 -> 0 | S26: =IF(ISBLANK(RAWDATA!F26),SUM(F26:R26),RAWDATA!F26) -> 0 | T26: =LOOKUP(S26,{0;1;49.1;55.1;61.1;67.1;72.1;78.1;84.1;89.1;94.1;97.1},{"KP";"NB";4;3.7;3.3;3;2.7;2.3;2;1.7;1.3;1}) -> KP | V26: =RAWDATA!G26 -> 0 | W26: =RAWDATA!K26 -> 0 | X26: =IF(S26>0,"X","")
A27: =RAWDATA!B27 -> 0 | B27: =RAWDATA!C27 -> 0 | C27: =RAWDATA!D27 -> 0 | D27: =RAWDATA!E27 -> 0 | E27: =RAWDATA!H27 -> 0 | S27: =IF(ISBLANK(RAWDATA!F27),SUM(F27:R27),RAWDATA!F27) -> 0 | T27: =LOOKUP(S27,{0;1;49.1;55.1;61.1;67.1;72.1;78.1;84.1;89.1;94.1;97.1},{"KP";"NB";4;3.7;3.3;3;2.7;2.3;2;1.7;1.3;1}) -> KP | V27: =RAWDATA!G27 -> 0 | W27: =RAWDATA!K27 -> 0 | X27: =IF(S27>0,"X","")
A28: =RAWDATA!B28 -> 0 | B28: =RAWDATA!C28 -> 0 | C28: =RAWDATA!D28 -> 0 | D28: =RAWDATA!E28 -> 0 | E28: =RAWDATA!H28 -> 0 | S28: =IF(ISBLANK(RAWDATA!F28),SUM(F28:R28),RAWDATA!F28) -> 0 | T28: =LOOKUP(S28,{0;1;49.1;55.1;61.1;67.1;72.1;78.1;84.1;89.1;94.1;97.1},{"KP";"NB";4;3.7;3.3;3;2.7;2.3;2;1.7;1.3;1}) -> KP | V28: =RAWDATA!G28 -> 0 | W28: =RAWDATA!K28 -> 0 | X28: =IF(S28>0,"X","")
A29: =RAWDATA!B29 -> 0 | B29: =RAWDATA!C29 -> 0 | C29: =RAWDATA!D29 -> 0 | D29: =RAWDATA!E29 -> 0 | E29: =RAWDATA!H29 -> 0 | S29: =IF(ISBLANK(RAWDATA!F29),SUM(F29:R29),RAWDATA!F29) -> 0 | T29: =LOOKUP(S29,{0;1;49.1;55.1;61.1;67.1;72.1;78.1;84.1;89.1;94.1;97.1},{"KP";"NB";4;3.7;3.3;3;2.7;2.3;2;1.7;1.3;1}) -> KP | V29: =RAWDATA!G29 -> 0 | W29: =RAWDATA!K29 -> 0 | X29: =IF(S29>0,"X","")
A30: =RAWDATA!B30 -> 0 | B30: =RAWDATA!C30 -> 0 | C30: =RAWDATA!D30 -> 0 | D30: =RAWDATA!E30 -> 0 | E30: =RAWDATA!H30 -> 0 | S30: =IF(ISBLANK(RAWDATA!F30),SUM(F30:R30),RAWDATA!F30) -> 0 | T30: =LOOKUP(S30,{0;1;49.1;55.1;61.1;67.1;72.1;78.1;84.1;89.1;94.1;97.1},{"KP";"NB";4;3.7;3.3;3;2.7;2.3;2;1.7;1.3;1}) -> KP | V30: =RAWDATA!G30 -> 0 | W30: =RAWDATA!K30 -> 0 | X30: =IF(S30>0,"X","")
A31: =RAWDATA!B31 -> 0 | B31: =RAWDATA!C31 -> 0 | C31: =RAWDATA!D31 -> 0 | D31: =RAWDATA!E31 -> 0 | E31: =RAWDATA!H31 -> 0 | S31: =IF(ISBLANK(RAWDATA!F31),SUM(F31:R31),RAWDATA!F31) -> 0 | T31: =LOOKUP(S31,{0;1;49.1;55.1;61.1;67.1;72.1;78.1;84.1;89.1;94.1;97.1},{"KP";"NB";4;3.7;3.3;3;2.7;2.3;2;1.7;1.3;1}) -> KP | V31: =RAWDATA!G31 -> 0 | W31: =RAWDATA!K31 -> 0 | X31: =IF(S31>0,"X","")
A32: =RAWDATA!B32 -> 0 | B32: =RAWDATA!C32 -> 0 | C32: =RAWDATA!D32 -> 0 | D32: =RAWDATA!E32 -> 0 | E32: =RAWDATA!H32 -> 0 | S32: =IF(ISBLANK(RAWDATA!F32),SUM(F32:R32),RAWDATA!F32) -> 0 | T32: =LOOKUP(S32,{0;1;49.1;55.1;61.1;67.1;72.1;78.1;84.1;89.1;94.1;97.1},{"KP";"NB";4;3.7;3.3;3;2.7;2.3;2;1.7;1.3;1}) -> KP | V32: =RAWDATA!G32 -> 0 | W32: =RAWDATA!K32 -> 0 | X32: =IF(S32>0,"X","")
A33: =RAWDATA!B33 -> 0 | B33: =RAWDATA!C33 -> 0 | C33: =RAWDATA!D33 -> 0 | D33: =RAWDATA!E33 -> 0 | E33: =RAWDATA!H33 -> 0 | S33: =IF(ISBLANK(RAWDATA!F33),SUM(F33:R33),RAWDATA!F33) -> 0 | T33: =LOOKUP(S33,{0;1;49.1;55.1;61.1;67.1;72.1;78.1;84.1;89.1;94.1;97.1},{"KP";"NB";4;3.7;3.3;3;2.7;2.3;2;1.7;1.3;1}) -> KP | V33: =RAWDATA!G33 -> 0 | W33: =RAWDATA!K33 -> 0 | X33: =IF(S33>0,"X","")
A34: =RAWDATA!B34 -> 0 | B34: =RAWDATA!C34 -> 0 | C34: =RAWDATA!D34 -> 0 | D34: =RAWDATA!E34 -> 0 | E34: =RAWDATA!H34 -> 0 | S34: =IF(ISBLANK(RAWDATA!F34),SUM(F34:R34),RAWDATA!F34) -> 0 | T34: =LOOKUP(S34,{0;1;49.1;55.1;61.1;67.1;72.1;78.1;84.1;89.1;94.1;97.1},{"KP";"NB";4;3.7;3.3;3;2.7;2.3;2;1.7;1.3;1}) -> KP | V34: =RAWDATA!G34 -> 0 | W34: =RAWDATA!K34 -> 0 | X34: =IF(S34>0,"X","")
A35: =RAWDATA!B35 -> 0 | B35: =RAWDATA!C35 -> 0 | C35: =RAWDATA!D35 -> 0 | D35: =RAWDATA!E35 -> 0 | E35: =RAWDATA!H35 -> 0 | S35: =IF(ISBLANK(RAWDATA!F35),SUM(F35:R35),RAWDATA!F35) -> 0 | T35: =LOOKUP(S35,{0;1;49.1;55.1;61.1;67.1;72.1;78.1;84.1;89.1;94.1;97.1},{"KP";"NB";4;3.7;3.3;3;2.7;2.3;2;1.7;1.3;1}) -> KP | V35: =RAWDATA!G35 -> 0 | W35: =RAWDATA!K35 -> 0 | X35: =IF(S35>0,"X","") | AA35: =IF(S35>0,$B$43,0) -> 0 | AB35: =IF(S35>0,$B$42,0) -> 0 | AC35: =IF(S35>0,$T$38,0) -> 0 | AD35: =IF(S35>0,$B$44,0) -> 0 | AE35: =IF(S35>0,$B$41,0) -> 0
A36: =RAWDATA!B36 -> 0 | B36: =RAWDATA!C36 -> 0 | C36: =RAWDATA!D36 -> 0 | D36: =RAWDATA!E36 -> 0 | E36: =RAWDATA!H36 -> 0 | S36: =IF(ISBLANK(RAWDATA!F36),SUM(F36:R36),RAWDATA!F36) -> 0 | T36: =LOOKUP(S36,{0;1;49.1;55.1;61.1;67.1;72.1;78.1;84.1;89.1;94.1;97.1},{"KP";"NB";4;3.7;3.3;3;2.7;2.3;2;1.7;1.3;1}) -> KP | V36: =RAWDATA!G36 -> 0 | W36: =RAWDATA!K36 -> 0 | X36: =IF(S36>0,"X","") | AA36: =IF(S36>0,$B$43,0) -> 0 | AB36: =IF(S36>0,$B$42,0) -> 0 | AC36: =IF(S36>0,$T$38,0) -> 0 | AD36: =IF(S36>0,$B$44,0) -> 0 | AE36: =IF(S36>0,$B$41,0) -> 0
B37: Gesamtpunktzahl | S37: 100
B38: Durchschnittt | T38: {=AVERAGE(IF(ISNUMBER(T2:T36),T2:T36))} -> #DIV/0!
B39: Standardabweichung | T39: =ROUNDUP(STDEVP(T2:T18),1) -> #N/A
A41: Name Dozent: | B41: course.teacher_name | D41: In die grünen Felder bitte die Gesamtpunktzahl eingeben. In die orangenen Felder bitte mit einem 'X' markieren. Gelbe Felder, wenn nötig korrigieren. Sollten Änderungen an Namen oder Matrikelnummer notwendig sein sind diese in Blatt "RAWDATA" zu machen.
A42: Level: | B42: course.ger
A43: ECTS: | B43: course.ects_points
A44: Kursname: | B44: course.name
A45: Kursname-Zusatz | B45: course.alternative
A46: Kurs Englisch | B46: course.name_english
A47: Semester: | B47: semester
A48: Prüfungsdatum | B48: exam_date

Sheet Notenverteilung
A1: =Notenliste!B44 -> course.name | C1: Schnitt: | D1: =Notenliste!T38 -> #DIV/0!
A2: Note | B2: Anzahl
A3: 1 | B3: =COUNTIF(Notenliste!$T$2:$T$36,A3) -> 0
A4: 1.3 | B4: =COUNTIF(Notenliste!$T$2:$T$36,A4) -> 0
A5: 1.7 | B5: =COUNTIF(Notenliste!$T$2:$T$36,A5) -> 0
A6: 2 | B6: =COUNTIF(Notenliste!$T$2:$T$36,A6) -> 0
A7: 2.3 | B7: =COUNTIF(Notenliste!$T$2:$T$36,A7) -> 0
A8: 2.7 | B8: =COUNTIF(Notenliste!$T$2:$T$36,A8) -> 0
A9: 3 | B9: =COUNTIF(Notenliste!$T$2:$T$36,A9) -> 0
A10: 3.3 | B10: =COUNTIF(Notenliste!$T$2:$T$36,A10) -> 0
A11: 3.7 | B11: =COUNTIF(Notenliste!$T$2:$T$36,A11) -> 0
A12: 4 | B12: =COUNTIF(Notenliste!$T$2:$T$36,A12) -> 0
A13: NB | B13: =COUNTIF(Notenliste!$T$2:$T$36,A13) -> 0

Sheet Printlist
A1: =Notenliste!B44&Notenliste!B45 -> course.namecourse.alternative
A2: ="Dozent/in: "&Notenliste!B41 -> Dozent/in: course.teacher_name | F2: ="Semster: "&Notenliste!B47 -> Semster: semester
A3: Nr. | B3: Nachname | C3: Vorname | D3: Hoch-schule | E3: Matrikel nummer | F3: E-Mail | G3: Telefon | H3: Fakultät | I3: Semester | J3: Prüfungs- schein | K3: Note | L3: Prozent
A4: 1 | B4: =RAWDATA!B2 -> applicant.last_name | C4: =RAWDATA!C2 -> applicant.first_name | D4: =RAWDATA!D2 -> applicant.origin.short_name | E4: =RAWDATA!E2 -> applicant.tag | F4: =RAWDATA!I2 -> applicant.mail | G4: =RAWDATA!J2 -> applicant.phone | H4: =RAWDATA!N2 -> Arabisch 1 | I4: =RAWDATA!O2 -> 0 | J4: =IF(OR(K4<=4, K4="bestanden"),"X","") -> #N/A | K4: =IF(AND(B4=0,E4=0),"",IF(Notenliste!T2="KP"," ",IF(OR(Notenliste!W2="x", Notenliste!W2="X"), "bestanden",Notenliste!T2))) -> #N/A | L4: =IF(AND(B4=0,E4=0)," ",Notenliste!S2) -> attendance.sanitized_grade
A5: 2 | B5: =RAWDATA!B3 -> 0 | C5: =RAWDATA!C3 -> 0 | D5: =RAWDATA!D3 -> 0 | E5: =RAWDATA!E3 -> 0 | F5: =RAWDATA!I3 -> 0 | G5: =RAWDATA!J3 -> 0 | H5: =RAWDATA!N3 -> Arabisch 1 | I5: =RAWDATA!O3 -> 0 | J5: =IF(OR(K5<=4, K5="bestanden"),"X","") | K5: =IF(AND(B5=0,E5=0),"",IF(Notenliste!T3="KP"," ",IF(OR(Notenliste!W3="x", Notenliste!W3="X"), "bestanden",Notenliste!T3))) | L5: =IF(AND(B5=0,E5=0)," ",Notenliste!S3)
A6: 3 | B6: =RAWDATA!B4 -> 0 | C6: =RAWDATA!C4 -> 0 | D6: =RAWDATA!D4 -> 0 | E6: =RAWDATA!E4 -> 0 | F6: =RAWDATA!I4 -> 0 | G6: =RAWDATA!J4 -> 0 | H6: =RAWDATA!N4 -> Arabisch 1 | I6: =RAWDATA!O4 -> 0 | J6: =IF(OR(K6<=4, K6="bestanden"),"X","") | K6: =IF(AND(B6=0,E6=0),"",IF(Notenliste!T4="KP"," ",IF(OR(Notenliste!W4="x", Notenliste!W4="X"), "bestanden",Notenliste!T4))) | L6: =IF(AND(B6=0,E6=0)," ",Notenliste!S4)
A7: 4 | B7: =RAWDATA!B5 -> 0 | C7: =RAWDATA!C5 -> 0 | D7: =RAWDATA!D5 -> 0 | E7: =RAWDATA!E5 -> 0 | F7: =RAWDATA!I5 -> 0 | G7: =RAWDATA!J5 -> 0 | H7: =RAWDATA!N5 -> Arabisch 1 | I7: =RAWDATA!O5 -> 0 | J7: =IF(OR(K7<=4, K7="bestanden"),"X","") | K7: =IF(AND(B7=0,E7=0),"",IF(Notenliste!T5="KP"," ",IF(OR(Notenliste!W5="x", Notenliste!W5="X"), "bestanden",Notenliste!T5))) | L7: =IF(AND(B7=0,E7=0)," ",Notenliste!S5)
A8: 5 | B8: =RAWDATA!B6 -> 0 | C8: =RAWDATA!C6 -> 0 | D8: =RAWDATA!D6 -> 0 | E8: =RAWDATA!E6 -> 0 | F8: =RAWDATA!I6 -> 0 | G8: =RAWDATA!J6 -> 0 | H8: =RAWDATA!N6 -> Arabisch 1 | I8: =RAWDATA!O6 -> 0 | J8: =IF(OR(K8<=4, K8="bestanden"),"X","") | K8: =IF(AND(B8=0,E8=0),"",IF(Notenliste!T6="KP"," ",IF(OR(Notenliste!W6="x", Notenliste!W6="X"), "bestanden",Notenliste!T6))) | L8: =IF(AND(B8=0,E8=0)," ",Notenliste!S6)
A9: 6 | B9: =RAWDATA!B7 -> 0 | C9: =RAWDATA!C7 -> 0 | D9: =RAWDATA!D7 -> 0 | E9: =RAWDATA!E7 -> 0 | F9: =RAWDATA!I7 -> 0 | G9: =RAWDATA!J7 -> 0 | H9: =RAWDATA!N7 -> Arabisch 1 | I9: =RAWDATA!O7 -> 0 | J9: =IF(OR(K9<=4, K9="bestanden"),"X","") | K9: =IF(AND(B9=0,E9=0),"",IF(Notenliste!T7="KP"," ",IF(OR(Notenliste!W7="x", Notenliste!W7="X"), "bestanden",Notenliste!T7))) | L9: =IF(AND(B9=0,E9=0)," ",Notenliste!S7)
A10: 7 | B10: =RAWDATA!B8 -> 0 | C10: =RAWDATA!C8 -> 0 | D10: =RAWDATA!D8 -> 0 | E10: =RAWDATA!E8 -> 0 | F10: =RAWDATA!I8 -> 0 | G10: =RAWDATA!J8 -> 0 | H10: =RAWDATA!N8 -> Arabisch 1 | I10: =RAWDATA!O8 -> 0 | J10: =IF(OR(K10<=4, K10="bestanden"),"X","") | K10: =IF(AND(B10=0,E10=0),"",IF(Notenliste!T8="KP"," ",IF(OR(Notenliste!W8="x", Notenliste!W8="X"), "bestanden",Notenliste!T8))) | L10: =IF(AND(B10=0,E10=0)," ",Notenliste!S8)
A11: 8 | B11: =RAWDATA!B9 -> 0 | C11: =RAWDATA!C9 -> 0 | D11: =RAWDATA!D9 -> 0 | E11: =RAWDATA!E9 -> 0 | F11: =RAWDATA!I9 -> 0 | G11: =RAWDATA!J9 -> 0 | H11: =RAWDATA!N9 -> Arabisch 1 | I11: =RAWDATA!O9 -> 0 | J11: =IF(OR(K11<=4, K11="bestanden"),"X","") | K11: =IF(AND(B11=0,E11=0),"",IF(Notenliste!T9="KP"," ",IF(OR(Notenliste!W9="x", Notenliste!W9="X"), "bestanden",Notenliste!T9))) | L11: =IF(AND(B11=0,E11=0)," ",Notenliste!S9)
A12: 9 | B12: =RAWDATA!B10 -> 0 | C12: =RAWDATA!C10 -> 0 | D12: =RAWDATA!D10 -> 0 | E12: =RAWDATA!E10 -> 0 | F12: =RAWDATA!I10 -> 0 | G12: =RAWDATA!J10 -> 0 | H12: =RAWDATA!N10 -> Arabisch 1 | I12: =RAWDATA!O10 -> 0 | J12: =IF(OR(K12<=4, K12="bestanden"),"X","") | K12: =IF(AND(B12=0,E12=0),"",IF(Notenliste!T10="KP"," ",IF(OR(Notenliste!W10="x", Notenliste!W10="X"), "bestanden",Notenliste!T10))) | L12: =IF(AND(B12=0,E12=0)," ",Notenliste!S10)
A13: 10 | B13: =RAWDATA!B11 -> 0 | C13: =RAWDATA!C11 -> 0 | D13: =RAWDATA!D11 -> 0 | E13: =RAWDATA!E11 -> 0 | F13: =RAWDATA!I11 -> 0 | G13: =RAWDATA!J11 -> 0 | H13: =RAWDATA!N11 -> Arabisch 1 | I13: =RAWDATA!O11 -> 0 | J13: =IF(OR(K13<=4, K13="bestanden"),"X","") | K13: =IF(AND(B13=0,E13=0),"",IF(Notenliste!T11="KP"," ",IF(OR(Notenliste!W11="x", Notenliste!W11="X"), "bestanden",Notenliste!T11))) | L13: =IF(AND(B13=0,E13=0)," ",Notenliste!S11)
A14: 11 | B14: =RAWDATA!B12 -> 0 | C14: =RAWDATA!C12 -> 0 | D14: =RAWDATA!D12 -> 0 | E14: =RAWDATA!E12 -> 0 | F14: =RAWDATA!I12 -> 0 | G14: =RAWDATA!J12 -> 0 | H14: =RAWDATA!N12 -> Arabisch 1 | I14: =RAWDATA!O12 -> 0 | J14: =IF(OR(K14<=4, K14="bestanden"),"X","") | K14: =IF(AND(B14=0,E14=0),"",IF(Notenliste!T12="KP"," ",IF(OR(Notenliste!W12="x", Notenliste!W12="X"), "bestanden",Notenliste!T12))) | L14: =IF(AND(B14=0,E14=0)," ",Notenliste!S12)
A15: 12 | B15: =RAWDATA!B13 -> 0 | C15: =RAWDATA!C13 -> 0 | D15: =RAWDATA!D13 -> 0 | E15: =RAWDATA!E13 -> 0 | F15: =RAWDATA!I13 -> 0 | G15: =RAWDATA!J13 -> 0 | H15: =RAWDATA!N13 -> Arabisch 1 | I15: =RAWDATA!O13 -> 0 | J15: =IF(OR(K15<=4, K15="bestanden"),"X","") | K15: =IF(AND(B15=0,E15=0),"",IF(Notenliste!T13="KP"," ",IF(OR(Notenliste!W13="x", Notenliste!W13="X"), "bestanden",Notenliste!T13))) | L15: =IF(AND(B15=0,E15=0)," ",Notenliste!S13)
... A38: 35 | B38: =RAWDATA!B36 -> 0 | C38: =RAWDATA!C36 -> 0 | D38: =RAWDATA!D36 -> 0 | E38: =RAWDATA!E36 -> 0 | F38: =RAWDATA!I36 -> 0 | G38: =RAWDATA!J36 -> 0 | H38: =RAWDATA!N36 -> 0 | I38: =RAWDATA!O36 -> 0 | J38: =IF(OR(K38<=4, K38="bestanden"),"X","") | K38: =IF(AND(B38=0,E38=0),"",IF(Notenliste!T36="KP"," ",IF(OR(Notenliste!W36="x", Notenliste!W36="X"), "bestanden",Notenliste!T36))) | L38: =IF(AND(B38=0,E38=0)," ",Notenliste!S36)
J39: =COUNTIF(J4:J38,"X") -> 0
A40: Datum:_________________________ Unterschrift:_______________________________________

Sheet Paricipantlist
A1: =Notenliste!B44&Notenliste!B45 -> course.namecourse.alternative
A2: Anwesenheitsliste
A3: ="Dozent/in: "&Notenliste!B41 -> Dozent/in: course.teacher_name
A4: Nr. | B4: Nachname | C4: Vorname | D4: Hoch-schule | E4: Matrikel nummer | V4: Prüfungs- schein | W4: Schreibt Prüfung
G5: 1 | H5: 2 | I5: 3 | J5: 4 | K5: 5 | L5: 6 | M5: 7 | N5: 8 | O5: 9 | P5: 10 | Q5: 11 | R5: 12 | S5: 13 | T5: 14
A6: 1 | B6: =RAWDATA!B2 -> applicant.last_name | C6: =RAWDATA!C2 -> applicant.first_name | D6: =RAWDATA!D2 -> applicant.origin.short_name | E6: =RAWDATA!E2 -> applicant.tag
A7: 2 | B7: =RAWDATA!B3 -> 0 | C7: =RAWDATA!C3 -> 0 | D7: =RAWDATA!D3 -> 0 | E7: =RAWDATA!E3 -> 0
A8: 3 | B8: =RAWDATA!B4 -> 0 | C8: =RAWDATA!C4 -> 0 | D8: =RAWDATA!D4 -> 0 | E8: =RAWDATA!E4 -> 0
A9: 4 | B9: =RAWDATA!B5 -> 0 | C9: =RAWDATA!C5 -> 0 | D9: =RAWDATA!D5 -> 0 | E9: =RAWDATA!E5 -> 0
A10: 5 | B10: =RAWDATA!B6 -> 0 | C10: =RAWDATA!C6 -> 0 | D10: =RAWDATA!D6 -> 0 | E10: =RAWDATA!E6 -> 0
A11: 6 | B11: =RAWDATA!B7 -> 0 | C11: =RAWDATA!C7 -> 0 | D11: =RAWDATA!D7 -> 0 | E11: =RAWDATA!E7 -> 0
A12: 7 | B12: =RAWDATA!B8 -> 0 | C12: =RAWDATA!C8 -> 0 | D12: =RAWDATA!D8 -> 0 | E12: =RAWDATA!E8 -> 0
A13: 8 | B13: =RAWDATA!B9 -> 0 | C13: =RAWDATA!C9 -> 0 | D13: =RAWDATA!D9 -> 0 | E13: =RAWDATA!E9 -> 0
A14: 9 | B14: =RAWDATA!B10 -> 0 | C14: =RAWDATA!C10 -> 0 | D14: =RAWDATA!D10 -> 0 | E14: =RAWDATA!E10 -> 0
A15: 10 | B15: =RAWDATA!B11 -> 0 | C15: =RAWDATA!C11 -> 0 | D15: =RAWDATA!D11 -> 0 | E15: =RAWDATA!E11 -> 0
A16: 11 | B16: =RAWDATA!B12 -> 0 | C16: =RAWDATA!C12 -> 0 | D16: =RAWDATA!D12 -> 0 | E16: =RAWDATA!E12 -> 0
A17: 12 | B17: =RAWDATA!B13 -> 0 | C17: =RAWDATA!C13 -> 0 | D17: =RAWDATA!D13 -> 0 | E17: =RAWDATA!E13 -> 0
... A40: 35 | B40: =RAWDATA!B36 -> 0 | C40: =RAWDATA!C36 -> 0 | D40: =RAWDATA!D36 -> 0 | E40: =RAWDATA!E36 -> 0

Sheet Teilnehmer
A1: Matrikelnummer | B1: Status | C1: LP | D1: Note | E1: Datum | F1: Individueller Titel deutsch | G1: Individueller Titel englisch | H1: Anmerkungen
A2: =IF(Notenliste!D2=0," ",Notenliste!D2) -> applicant.tag | C2: =IF(Notenliste!D2<>0,IF(Notenliste!V2<>0,Notenliste!V2,Notenliste!$B$43)," ") -> attendance.ects_points | D2: =IF(Notenliste!D2=0," ",IF(Notenliste!T2="KP"," ",IF(Notenliste!T2="NB","nicht bestanden",IF(OR(Notenliste!W2="x", Notenliste!W2="X"),"bestanden",Notenliste!T2)))) -> #N/A | E2: =IF(Notenliste!D2<>0,Notenliste!$B$48," ") -> exam_date
A3: =IF(Notenliste!D3=0," ",Notenliste!D3) | C3: =IF(Notenliste!D3<>0,IF(Notenliste!V3<>0,Notenliste!V3,Notenliste!$B$43)," ") | D3: =IF(Notenliste!D3=0," ",IF(Notenliste!T3="KP"," ",IF(Notenliste!T3="NB","nicht bestanden",IF(OR(Notenliste!W3="x", Notenliste!W3="X"),"bestanden",Notenliste!T3)))) | E3: =IF(Notenliste!D3<>0,Notenliste!$B$48," ")
A4: =IF(Notenliste!D4=0," ",Notenliste!D4) | C4: =IF(Notenliste!D4<>0,IF(Notenliste!V4<>0,Notenliste!V4,Notenliste!$B$43)," ") | D4: =IF(Notenliste!D4=0," ",IF(Notenliste!T4="KP"," ",IF(Notenliste!T4="NB","nicht bestanden",IF(OR(Notenliste!W4="x", Notenliste!W4="X"),"bestanden",Notenliste!T4)))) | E4: =IF(Notenliste!D4<>0,Notenliste!$B$48," ")
A5: =IF(Notenliste!D5=0," ",Notenliste!D5) | C5: =IF(Notenliste!D5<>0,IF(Notenliste!V5<>0,Notenliste!V5,Notenliste!$B$43)," ") | D5: =IF(Notenliste!D5=0," ",IF(Notenliste!T5="KP"," ",IF(Notenliste!T5="NB","nicht bestanden",IF(OR(Notenliste!W5="x", Notenliste!W5="X"),"bestanden",Notenliste!T5)))) | E5: =IF(Notenliste!D5<>0,Notenliste!$B$48," ")
A6: =IF(Notenliste!D6=0," ",Notenliste!D6) | C6: =IF(Notenliste!D6<>0,IF(Notenliste!V6<>0,Notenliste!V6,Notenliste!$B$43)," ") | D6: =IF(Notenliste!D6=0," ",IF(Notenliste!T6="KP"," ",IF(Notenliste!T6="NB","nicht bestanden",IF(OR(Notenliste!W6="x", Notenliste!W6="X"),"bestanden",Notenliste!T6)))) | E6: =IF(Notenliste!D6<>0,Notenliste!$B$48," ")
A7: =IF(Notenliste!D7=0," ",Notenliste!D7) | C7: =IF(Notenliste!D7<>0,IF(Notenliste!V7<>0,Notenliste!V7,Notenliste!$B$43)," ") | D7: =IF(Notenliste!D7=0," ",IF(Notenliste!T7="KP"," ",IF(Notenliste!T7="NB","nicht bestanden",IF(OR(Notenliste!W7="x", Notenliste!W7="X"),"bestanden",Notenliste!T7)))) | E7: =IF(Notenliste!D7<>0,Notenliste!$B$48," ")
A8: =IF(Notenliste!D8=0," ",Notenliste!D8) | C8: =IF(Notenliste!D8<>0,IF(Notenliste!V8<>0,Notenliste!V8,Notenliste!$B$43)," ") | D8: =IF(Notenliste!D8=0," ",IF(Notenliste!T8="KP"," ",IF(Notenliste!T8="NB","nicht bestanden",IF(OR(Notenliste!W8="x", Notenliste!W8="X"),"bestanden",Notenliste!T8)))) | E8: =IF(Notenliste!D8<>0,Notenliste!$B$48," ")
A9: =IF(Notenliste!D9=0," ",Notenliste!D9) | C9: =IF(Notenliste!D9<>0,IF(Notenliste!V9<>0,Notenliste!V9,Notenliste!$B$43)," ") | D9: =IF(Notenliste!D9=0," ",IF(Notenliste!T9="KP"," ",IF(Notenliste!T9="NB","nicht bestanden",IF(OR(Notenliste!W9="x", Notenliste!W9="X"),"bestanden",Notenliste!T9)))) | E9: =IF(Notenliste!D9<>0,Notenliste!$B$48," ")
A10: =IF(Notenliste!D10=0," ",Notenliste!D10) | C10: =IF(Notenliste!D10<>0,IF(Notenliste!V10<>0,Notenliste!V10,Notenliste!$B$43)," ") | D10: =IF(Notenliste!D10=0," ",IF(Notenliste!T10="KP"," ",IF(Notenliste!T10="NB","nicht bestanden",IF(OR(Notenliste!W10="x", Notenliste!W10="X"),"bestanden",Notenliste!T10)))) | E10: =IF(Notenliste!D10<>0,Notenliste!$B$48," ")
A11: =IF(Notenliste!D11=0," ",Notenliste!D11) | C11: =IF(Notenliste!D11<>0,IF(Notenliste!V11<>0,Notenliste!V11,Notenliste!$B$43)," ") | D11: =IF(Notenliste!D11=0," ",IF(Notenliste!T11="KP"," ",IF(Notenliste!T11="NB","nicht bestanden",IF(OR(Notenliste!W11="x", Notenliste!W11="X"),"bestanden",Notenliste!T11)))) | E11: =IF(Notenliste!D11<>0,Notenliste!$B$48," ")
A12: =IF(Notenliste!D12=0," ",Notenliste!D12) | C12: =IF(Notenliste!D12<>0,IF(Notenliste!V12<>0,Notenliste!V12,Notenliste!$B$43)," ") | D12: =IF(Notenliste!D12=0," ",IF(Notenliste!T12="KP"," ",IF(Notenliste!T12="NB","nicht bestanden",IF(OR(Notenliste!W12="x", Notenliste!W12="X"),"bestanden",Notenliste!T12)))) | E12: =IF(Notenliste!D12<>0,Notenliste!$B$48," ")
A13: =IF(Notenliste!D13=0," ",Notenliste!D13) | C13: =IF(Notenliste!D13<>0,IF(Notenliste!V13<>0,Notenliste!V13,Notenliste!$B$43)," ") | D13: =IF(Notenliste!D13=0," ",IF(Notenliste!T13="KP"," ",IF(Notenliste!T13="NB","nicht bestanden",IF(OR(Notenliste!W13="x", Notenliste!W13="X"),"bestanden",Notenliste!T13)))) | E13: =IF(Notenliste!D13<>0,Notenliste!$B$48," ")
... A36: =IF(Notenliste!D36=0," ",Notenliste!D36) | C36: =IF(Notenliste!D36<>0,IF(Notenliste!V36<>0,Notenliste!V36,Notenliste!$B$43)," ") | D36: =IF(Notenliste!D36=0," ",IF(Notenliste!T36="KP"," ",IF(Notenliste!T36="NB","nicht bestanden",IF(OR(Notenliste!W36="x", Notenliste!W36="X"),"bestanden",Notenliste!T36)))) | E36: =IF(Notenliste!D36<>0,Notenliste!$B$48," ")
