Workbook
Name DOZENT: OFFSET(Einstellungen!$F$2,,,COUNTIF(Einstellungen!$F$2:$F$20,">"""),)
Name ECTS: OFFSET(Einstellungen!$H$2,,,COUNTIF(Einstellungen!$H$2:$H$20,">"""),)
Name KURSNAME: OFFSET(Einstellungen!$A$2,,,COUNTIF(Einstellungen!$A$2:$A$20,">"""),)
Name NIVEAU: OFFSET(Einstellungen!$D$2,,,COUNTIF(Einstellungen!$D$2:$D$22,">"""),)

Sheet RAWDATA
A1: Nr. | B1: Nachname | C1: Vorname | D1: Hochschule | E1: Matrikelnummer | F1: Note | G1: LP | H1: E-Mail | I1: Telefon | J1: bestanden | K1: Teilnahmeschein | L1: Schein erhalten | M1: Fakultät | N1: Semester
A2: 1 | B2: applicant.last_name | C2: applicant.first_name | D2: applicant.origin.short_name | E2: applicant.tag | F2: attendance.sanitized_grade | G2: attendance.ects_points | H2: applicant.mail | I2: applicant.phone | J2: attendance.hide_grade_str | K2: attendance.ts_requested_str | L2: attendance.ts_received_str
A3: 2
A4: 3
A5: 4
A6: 5
A7: 6
A8: 7
A9: 8
A10: 9
A11: 10
A12: 11
A13: 12
A14: 13
... A26: 25

Sheet Notenliste
A1: Name | B1: Vorname | C1: Hochschule | D1: Matrikelnummer | E1: Gesamtbewertung in % | F1: Note | H1: 1.1 G & V | I1: 1.2 CL | J1: 1.3 CA | K1: Teil1 Examen | L1: Teil3 Com. Oral | M1: Gesamt | P1: bestanden statt Note | Q1: LP | R1: Prüfungs-schein | T1: ECTS | U1: Level | V1: Schnitt | W1: Kursname | X1: Name Dozent
A2: =RAWDATA!B2 -> applicant.last_name | B2: =RAWDATA!C2 -> applicant.first_name | C2: =RAWDATA!D2 -> applicant.origin.short_name | D2: =RAWDATA!E2 -> applicant.tag | E2: =ROUNDUP(M2/0.5,0)*0.5 -> #VALUE! | F2: =LOOKUP(E2,{0;1;49.1;55.1;61.1;67.1;72.1;78.1;84.1;89.1;94.1;97.1},{"KP";"NB";4;3.7;3.3;3;2.7;2.3;2;1.7;1.3;1}) -> #VALUE! | K2: =SUM(H2:J2) -> 0 | L2: =IF(ISBLANK(Extrapunkte!J3),0,Extrapunkte!J3) -> 0 | M2: =IF(ISBLANK(RAWDATA!F2),SUM(K2:L2),RAWDATA!F2) -> attendance.sanitized_grade | P2: =RAWDATA!J2 -> attendance.hide_grade_str | Q2: =RAWDATA!G2 -> attendance.ects_points | R2: =IF(OR(F2="NB",F2="KP"),"","X") -> #VALUE! | T2: =IF(M2>0,$B$33,0) -> course.ects_points | U2: =IF(M2>0,$B$32,0) -> course.ger | V2: =IF(M2>0,$F$28,0) -> #DIV/0! | W2: =IF(M2>0,$B$34,0) -> course.name | X2: =IF(M2>0,$B$31,0) -> course.teacher_name
A3: =RAWDATA!B3 -> 0 | B3: =RAWDATA!C3 -> 0 | C3: =RAWDATA!D3 -> 0 | D3: =RAWDATA!E3 -> 0 | E3: =ROUNDUP(M3/0.5,0)*0.5 -> 0 | F3: =LOOKUP(E3,{0;1;49.1;55.1;61.1;67.1;72.1;78.1;84.1;89.1;94.1;97.1},{"KP";"NB";4;3.7;3.3;3;2.7;2.3;2;1.7;1.3;1}) -> KP | K3: =SUM(H3:J3) -> 0 | L3: =IF(ISBLANK(Extrapunkte!J4),0,Extrapunkte!J4) -> 0 | M3: =IF(ISBLANK(RAWDATA!F3),SUM(K3:L3),RAWDATA!F3) -> 0 | P3: =RAWDATA!J3 -> 0 | Q3: =RAWDATA!G3 -> 0 | R3: =IF(OR(F3="NB",F3="KP"),"","X") | T3: =IF(M3>0,$B$33,0) -> 0 | U3: =IF(M3>0,$B$32,0) -> 0 | V3: =IF(M3>0,$F$28,0) -> 0 | W3: =IF(M3>0,$B$34,0) -> 0 | X3: =IF(M3>0,$B$31,0) -> 0
A4: =RAWDATA!B4 -> 0 | B4: =RAWDATA!C4 -> 0 | C4: =RAWDATA!D4 -> 0 | D4: =RAWDATA!E4 -> 0 | E4: =ROUNDUP(M4/0.5,0)*0.5 -> 0 | F4: =LOOKUP(E4,{0;1;49.1;55.1;61.1;67.1;72.1;78.1;84.1;89.1;94.1;97.1},{"KP";"NB";4;3.7;3.3;3;2.7;2.3;2;1.7;1.3;1}) -> KP | K4: =SUM(H4:J4) -> 0 | L4: =IF(ISBLANK(Extrapunkte!J5),0,Extrapunkte!J5) -> 0 | M4: =IF(ISBLANK(RAWDATA!F4),SUM(K4:L4),RAWDATA!F4) -> 0 | P4: =RAWDATA!J4 -> 0 | Q4: =RAWDATA!G4 -> 0 | R4: =IF(OR(F4="NB",F4="KP"),"","X") | T4: =IF(M4>0,$B$33,0) -> 0 | U4: =IF(M4>0,$B$32,0) -> 0 | V4: =IF(M4>0,$F$28,0) -> 0 | W4: =IF(M4>0,$B$34,0) -> 0 | X4: =IF(M4>0,$B$31,0) -> 0
A5: =RAWDATA!B5 -> 0 | B5: =RAWDATA!C5 -> 0 | C5: =RAWDATA!D5 -> 0 | D5: =RAWDATA!E5 -> 0 | E5: =ROUNDUP(M5/0.5,0)*0.5 -> 0 | F5: =LOOKUP(E5,{0;1;49.1;55.1;61.1;67.1;72.1;78.1;84.1;89.1;94.1;97.1},{"KP";"NB";4;3.7;3.3;3;2.7;2.3;2;1.7;1.3;1}) -> KP | K5: =SUM(H5:J5) -> 0 | L5: =IF(ISBLANK(Extrapunkte!J6),0,Extrapunkte!J6) -> 0 | M5: =IF(ISBLANK(RAWDATA!F5),SUM(K5:L5),RAWDATA!F5) -> 0 | P5: =RAWDATA!J5 -> 0 | Q5: =RAWDATA!G5 -> 0 | R5: =IF(OR(F5="NB",F5="KP"),"","X") | T5: =IF(M5>0,$B$33,0) -> 0 | U5: =IF(M5>0,$B$32,0) -> 0 | V5: =IF(M5>0,$F$28,0) -> 0 | W5: =IF(M5>0,$B$34,0) -> 0 | X5: =IF(M5>0,$B$31,0) -> 0
A6: =RAWDATA!B6 -> 0 | B6: =RAWDATA!C6 -> 0 | C6: =RAWDATA!D6 -> 0 | D6: =RAWDATA!E6 -> 0 | E6: =ROUNDUP(M6/0.5,0)*0.5 -> 0 | F6: =LOOKUP(E6,{0;1;49.1;55.1;61.1;67.1;72.1;78.1;84.1;89.1;94.1;97.1},{"KP";"NB";4;3.7;3.3;3;2.7;2.3;2;1.7;1.3;1}) -> KP | K6: =SUM(H6:J6) -> 0 | L6: =IF(ISBLANK(Extrapunkte!J7),0,Extrapunkte!J7) -> 0 | M6: =IF(ISBLANK(RAWDATA!F6),SUM(K6:L6),RAWDATA!F6) -> 0 | P6: =RAWDATA!J6 -> 0 | Q6: =RAWDATA!G6 -> 0 | R6: =IF(OR(F6="NB",F6="KP"),"","X") | T6: =IF(M6>0,$B$33,0) -> 0 | U6: =IF(M6>0,$B$32,0) -> 0 | V6: =IF(M6>0,$F$28,0) -> 0 | W6: =IF(M6>0,$B$34,0) -> 0 | X6: =IF(M6>0,$B$31,0) -> 0
A7: =RAWDATA!B7 -> 0 | B7: =RAWDATA!C7 -> 0 | C7: =RAWDATA!D7 -> 0 | D7: =RAWDATA!E7 -> 0 | E7: =ROUNDUP(M7/0.5,0)*0.5 -> 0 | F7: =LOOKUP(E7,{0;1;49.1;55.1;61.1;67.1;72.1;78.1;84.1;89.1;94.1;97.1},{"KP";"NB";4;3.7;3.3;3;2.7;2.3;2;1.7;1.3;1}) -> KP | K7: =SUM(H7:J7) -> 0 | L7: =IF(ISBLANK(Extrapunkte!J8),0,Extrapunkte!J8) -> 0 | M7: =IF(ISBLANK(RAWDATA!F7),SUM(K7:L7),RAWDATA!F7) -> 0 | P7: =RAWDATA!J7 -> 0 | Q7: =RAWDATA!G7 -> 0 | R7: =IF(OR(F7="NB",F7="KP"),"","X") | T7: =IF(M7>0,$B$33,0) -> 0 | U7: =IF(M7>0,$B$32,0) -> 0 | V7: =IF(M7>0,$F$28,0) -> 0 | W7: =IF(M7>0,$B$34,0) -> 0 | X7: =IF(M7>0,$B$31,0) -> 0
A8: =RAWDATA!B8 -> 0 | B8: =RAWDATA!C8 -> 0 | C8: =RAWDATA!D8 -> 0 | D8: =RAWDATA!E8 -> 0 | E8: =ROUNDUP(M8/0.5,0)*0.5 -> 0 | F8: =LOOKUP(E8,{0;1;49.1;55.1;61.1;67.1;72.1;78.1;84.1;89.1;94.1;97.1},{"KP";"NB";4;3.7;3.3;3;2.7;2.3;2;1.7;1.3;1}) -> KP | K8: =SUM(H8:J8) -> 0 | L8: =IF(ISBLANK(Extrapunkte!J9),0,Extrapunkte!J9) -> 0 | M8: =IF(ISBLANK(RAWDATA!F8),SUM(K8:L8),RAWDATA!F8) -> 0 | P8: =RAWDATA!J8 -> 0 | Q8: =RAWDATA!G8 -> 0 | R8: =IF(OR(F8="NB",F8="KP"),"","X") | T8: =IF(M8>0,$B$33,0) -> 0 | U8: =IF(M8>0,$B$32,0) -> 0 | V8: =IF(M8>0,$F$28,0) -> 0 | W8: =IF(M8>0,$B$34,0) -> 0 | X8: =IF(M8>0,$B$31,0) -> 0
A9: =RAWDATA!B9 -> 0 | B9: =RAWDATA!C9 -> 0 | C9: =RAWDATA!D9 -> 0 | D9: =RAWDATA!E9 -> 0 | E9: =ROUNDUP(M9/0.5,0)*0.5 -> 0 | F9: =LOOKUP(E9,{0;1;49.1;55.1;61.1;67.1;72.1;78.1;84.1;89.1;94.1;97.1},{"KP";"NB";4;3.7;3.3;3;2.7;2.3;2;1.7;1.3;1}) -> KP | K9: =SUM(H9:J9) -> 0 | L9: =IF(ISBLANK(Extrapunkte!J10),0,Extrapunkte!J10) -> 0 | M9: =IF(ISBLANK(RAWDATA!F9),SUM(K9:L9),RAWDATA!F9) -> 0 | P9: =RAWDATA!J9 -> 0 | Q9: =RAWDATA!G9 -> 0 | R9: =IF(OR(F9="NB",F9="KP"),"","X") | T9: =IF(M9>0,$B$33,0) -> 0 | U9: =IF(M9>0,$B$32,0) -> 0 | V9: =IF(M9>0,$F$28,0) -> 0 | W9: =IF(M9>0,$B$34,0) -> 0 | X9: =IF(M9>0,$B$31,0) -> 0
A10: =RAWDATA!B10 -> 0 | B10: =RAWDATA!C10 -> 0 | C10: =RAWDATA!D10 -> 0 | D10: =RAWDATA!E10 -> 0 | E10: =ROUNDUP(M10/0.5,0)*0.5 -> 0 | F10: =LOOKUP(E10,{0;1;49.1;55.1;61.1;67.1;72.1;78.1;84.1;89.1;94.1;97.1},{"KP";"NB";4;3.7;3.3;3;2.7;2.3;2;1.7;1.3;1}) -> KP | K10: =SUM(H10:J10) -> 0 | L10: =IF(ISBLANK(Extrapunkte!J11),0,Extrapunkte!J11) -> 0 | M10: =IF(ISBLANK(RAWDATA!F10),SUM(K10:L10),RAWDATA!F10) -> 0 | P10: =RAWDATA!J10 -> 0 | Q10: =RAWDATA!G10 -> 0 | R10: =IF(OR(F10="NB",F10="KP"),"","X") | T10: =IF(M10>0,$B$33,0) -> 0 | U10: =IF(M10>0,$B$32,0) -> 0 | V10: =IF(M10>0,$F$28,0) -> 0 | W10: =IF(M10>0,$B$34,0) -> 0 | X10: =IF(M10>0,$B$31,0) -> 0
A11: =RAWDATA!B11 -> 0 | B11: =RAWDATA!C11 -> 0 | C11: =RAWDATA!D11 -> 0 | D11: =RAWDATA!E11 -> 0 | E11: =ROUNDUP(M11/0.5,0)*0.5 -> 0 | F11: =LOOKUP(E11,{0;1;49.1;55.1;61.1;67.1;72.1;78.1;84.1;89.1;94.1;97.1},{"KP";"NB";4;3.7;3.3;3;2.7;2.3;2;1.7;1.3;1}) -> KP | K11: =SUM(H11:J11) -> 0 | L11: =IF(ISBLANK(Extrapunkte!J12),0,Extrapunkte!J12) -> 0 | M11: =IF(ISBLANK(RAWDATA!F11),SUM(K11:L11),RAWDATA!F11) -> 0 | P11: =RAWDATA!J11 -> 0 | Q11: =RAWDATA!G11 -> 0 | R11: =IF(OR(F11="NB",F11="KP"),"","X") | T11: =IF(M11>0,$B$33,0) -> 0 | U11: =IF(M11>0,$B$32,0) -> 0 | V11: =IF(M11>0,$F$28,0) -> 0 | W11: =IF(M11>0,$B$34,0) -> 0 | X11: =IF(M11>0,$B$31,0) -> 0
A12: =RAWDATA!B12 -> 0 | B12: =RAWDATA!C12 -> 0 | C12: =RAWDATA!D12 -> 0 | D12: =RAWDATA!E12 -> 0 | E12: =ROUNDUP(M12/0.5,0)*0.5 -> 0 | F12: =LOOKUP(E12,{0;1;49.1;55.1;61.1;67.1;72.1;78.1;84.1;89.1;94.1;97.1},{"KP";"NB";4;3.7;3.3;3;2.7;2.3;2;1.7;1.3;1}) -> KP | K12: =SUM(H12:J12) -> 0 | L12: =IF(ISBLANK(Extrapunkte!J13),0,Extrapunkte!J13) -> 0 | M12: =IF(ISBLANK(RAWDATA!F12),SUM(K12:L12),RAWDATA!F12) -> 0 | P12: =RAWDATA!J12 -> 0 | Q12: =RAWDATA!G12 -> 0 | R12: =IF(OR(F12="NB",F12="KP"),"","X") | T12: =IF(M12>0,$B$33,0) -> 0 | U12: =IF(M12>0,$B$32,0) -> 0 | V12: =IF(M12>0,$F$28,0) -> 0 | W12: =IF(M12>0,$B$34,0) -> 0 | X12: =IF(M12>0,$B$31,0) -> 0
A13: =RAWDATA!B13 -> 0 | B13: =RAWDATA!C13 -> 0 | C13: =RAWDATA!D13 -> 0 | D13: =RAWDATA!E13 -> 0 | E13: =ROUNDUP(M13/0.5,0)*0.5 -> 0 | F13: =LOOKUP(E13,{0;1;49.1;55.1;61.1;67.1;72.1;78.1;84.1;89.1;94.1;97.1},{"KP";"NB";4;3.7;3.3;3;2.7;2.3;2;1.7;1.3;1}) -> KP | K13: =SUM(H13:J13) -> 0 | L13: =IF(ISBLANK(Extrapunkte!J14),0,Extrapunkte!J14) -> 0 | M13: =IF(ISBLANK(RAWDATA!F13),SUM(K13:L13),RAWDATA!F13) -> 0 | P13: =RAWDATA!J13 -> 0 | Q13: =RAWDATA!G13 -> 0 | R13: =IF(OR(F13="NB",F13="KP"),"","X") | T13: =IF(M13>0,$B$33,0) -> 0 | U13: =IF(M13>0,$B$32,0) -> 0 | V13: =IF(M13>0,$F$28,0) -> 0 | W13: =IF(M13>0,$B$34,0) -> 0 | X13: =IF(M13>0,$B$31,0) -> 0
... A26: =RAWDATA!B26 -> 0 | B26: =RAWDATA!C26 -> 0 | C26: =RAWDATA!D26 -> 0 | D26: =RAWDATA!E26 -> 0 | E26: =ROUNDUP(M26/0.5,0)*0.5 -> 0 | F26: =LOOKUP(E26,{0;1;49.1;55.1;61.1;67.1;72.1;78.1;84.1;89.1;94.1;97.1},{"KP";"NB";4;3.7;3.3;3;2.7;2.3;2;1.7;1.3;1}) -> KP | K26: =SUM(H26:J26) -> 0 | L26: =IF(ISBLANK(Extrapunkte!J27),0,Extrapunkte!J27) -> 0 | M26: =IF(ISBLANK(RAWDATA!F26),SUM(K26:L26),RAWDATA!F26) -> 0 | P26: =RAWDATA!J26 -> 0 | Q26: =RAWDATA!G26 -> 0 | R26: =IF(OR(F26="NB",F26="KP"),"","X") | T26: =IF(M26>0,$B$33,0) -> 0 | U26: =IF(M26>0,$B$32,0) -> 0 | V26: =IF(M26>0,$F$28,0) -> 0 | W26: =IF(M26>0,$B$34,0) -> 0 | X26: =IF(M26>0,$B$31,0) -> 0
B27: Gesamtpunktzahl | K27: 80 | M27: =100 -> 100
B28: Durchschnitt | F28: {=AVERAGE(IF(ISNUMBER(F2:F26),F2:F26))} -> #DIV/0! | H28: =AVERAGEIF(H2:H26,">0") -> #DIV/0! | I28: =AVERAGEIF(I2:I26,">0") -> #DIV/0! | J28: =AVERAGEIF(J2:J26,">0") -> #DIV/0! | K28: =AVERAGEIF(K2:K26,">0") -> #DIV/0! | L28: =AVERAGEIF(L2:L26,">0") -> #DIV/0! | M28: =AVERAGEIF(M2:M26,">0") -> #DIV/0!
B29: Standardabweichung | F29: =ROUNDUP(STDEVP(F2:F18),1) -> #VALUE! | H29: =ROUNDUP(STDEVP(H2:H26),1) -> #DIV/0! | I29: =ROUNDUP(STDEVP(I2:I26),1) -> #DIV/0! | J29: =ROUNDUP(STDEVP(J2:J26),1) -> #DIV/0!
A31: Name Dozent: | B31: course.teacher_name | E31: In die grünen Felder bitte die jeweilige Punktzahl eingeben. In die orangenen Felder bitte mit einem 'X' markieren. Gelbe Felder, wenn nötig korrigieren. Sollten Änderungen an Namen oder Matrikelnummer notwendig sein sind diese in Blatt "RAWDATA" zu machen.
A32: Level: | B32: course.ger
A33: ECTS: | B33: course.ects_points
A34: Kursname: | B34: course.name | C34: course.name_english
A35: Kursname Zusatz | B35: course.alternative
A36: Semester: | B36: semester
A37: Prüfungsdatum | B37: exam_date

Sheet Extrapunkte
A1: =Notenliste!B34 -> course.name | E1: Comunicación Oral
A2: Name | B2: Vorname | C2: Hochschule | D2: Matrikelnummer | E2: Actividad 1 | F2: Actividad 2 | G2: Actividad 3 | H2: Actividad 4 | I2: Actividad 5 | J2: Com. Oral Total
A3: =RAWDATA!B2 -> applicant.last_name | B3: =RAWDATA!C2 -> applicant.first_name | C3: =RAWDATA!D2 -> applicant.origin.short_name | D3: =RAWDATA!E2 -> applicant.tag | J3: =SUM(E3:I3) -> 0
A4: =RAWDATA!B3 -> 0 | B4: =RAWDATA!C3 -> 0 | C4: =RAWDATA!D3 -> 0 | D4: =RAWDATA!E3 -> 0 | J4: =SUM(E4:I4) -> 0
A5: =RAWDATA!B4 -> 0 | B5: =RAWDATA!C4 -> 0 | C5: =RAWDATA!D4 -> 0 | D5: =RAWDATA!E4 -> 0 | J5: =SUM(E5:I5) -> 0
A6: =RAWDATA!B5 -> 0 | B6: =RAWDATA!C5 -> 0 | C6: =RAWDATA!D5 -> 0 | D6: =RAWDATA!E5 -> 0 | J6: =SUM(E6:I6) -> 0
A7: =RAWDATA!B6 -> 0 | B7: =RAWDATA!C6 -> 0 | C7: =RAWDATA!D6 -> 0 | D7: =RAWDATA!E6 -> 0 | J7: =SUM(E7:I7) -> 0
A8: =RAWDATA!B7 -> 0 | B8: =RAWDATA!C7 -> 0 | C8: =RAWDATA!D7 -> 0 | D8: =RAWDATA!E7 -> 0 | J8: =SUM(E8:I8) -> 0
A9: =RAWDATA!B8 -> 0 | B9: =RAWDATA!C8 -> 0 | C9: =RAWDATA!D8 -> 0 | D9: =RAWDATA!E8 -> 0 | J9: =SUM(E9:I9) -> 0
A10: =RAWDATA!B9 -> 0 | B10: =RAWDATA!C9 -> 0 | C10: =RAWDATA!D9 -> 0 | D10: =RAWDATA!E9 -> 0 | J10: =SUM(E10:I10) -> 0
A11: =RAWDATA!B10 -> 0 | B11: =RAWDATA!C10 -> 0 | C11: =RAWDATA!D10 -> 0 | D11: =RAWDATA!E10 -> 0 | J11: =SUM(E11:I11) -> 0
A12: =RAWDATA!B11 -> 0 | B12: =RAWDATA!C11 -> 0 | C12: =RAWDATA!D11 -> 0 | D12: =RAWDATA!E11 -> 0 | J12: =SUM(E12:I12) -> 0
A13: =RAWDATA!B12 -> 0 | B13: =RAWDATA!C12 -> 0 | C13: =RAWDATA!D12 -> 0 | D13: =RAWDATA!E12 -> 0 | J13: =SUM(E13:I13) -> 0
A14: =RAWDATA!B13 -> 0 | B14: =RAWDATA!C13 -> 0 | C14: =RAWDATA!D13 -> 0 | D14: =RAWDATA!E13 -> 0 | J14: =SUM(E14:I14) -> 0
... A27: =RAWDATA!B26 -> 0 | B27: =RAWDATA!C26 -> 0 | C27: =RAWDATA!D26 -> 0 | D27: =RAWDATA!E26 -> 0 | J27: =SUM(E27:I27) -> 0
B28: Gesamtpunktzahl
B29: Durchschnittt | J29: =AVERAGE(IF(ISNUMBER(J3:J27),J3:J27)) -> 0
B30: Standardabweichung | J30: =ROUNDUP(STDEVP(J3:J19),1) -> 0

Sheet Notenverteilung
A1: =Notenliste!B34 -> course.name | C1: Schnitt: | D1: =Notenliste!F28 -> #DIV/0!
A2: Note | B2: Anzahl
A3: 1 | B3: =COUNTIF(Notenliste!$F$2:$F$26,A3) -> 0
A4: 1.3 | B4: =COUNTIF(Notenliste!$F$2:$F$26,A4) -> 0
A5: 1.7 | B5: =COUNTIF(Notenliste!$F$2:$F$26,A5) -> 0
A6: 2 | B6: =COUNTIF(Notenliste!$F$2:$F$26,A6) -> 0
A7: 2.3 | B7: =COUNTIF(Notenliste!$F$2:$F$26,A7) -> 0
A8: 2.7 | B8: =COUNTIF(Notenliste!$F$2:$F$26,A8) -> 0
A9: 3 | B9: =COUNTIF(Notenliste!$F$2:$F$26,A9) -> 0
A10: 3.3 | B10: =COUNTIF(Notenliste!$F$2:$F$26,A10) -> 0
A11: 3.7 | B11: =COUNTIF(Notenliste!$F$2:$F$26,A11) -> 0
A12: 4 | B12: =COUNTIF(Notenliste!$F$2:$F$26,A12) -> 0
A13: NB | B13: =COUNTIF(Notenliste!$F$2:$F$26,A13) -> 0

Sheet Printlist
A1: =Notenliste!B34&Notenliste!B35 -> course.namecourse.alternative
A2: ="Dozent/in: "&Notenliste!B31 -> Dozent/in: course.teacher_name | G2: ="Semester: "&Notenliste!B36 -> Semester: semester
A3: Nr. | B3: Nachname | C3: Vorname | D3: Hoch-schule | E3: Matrikel nummer | F3: E-Mail | G3: Telefon | H3: Fakultät | I3: Semester | J3: Prüfungs- schein | K3: Note | L3: Prozent | M3: Leistungs-punkte
A4: 1 | B4: =RAWDATA!B2 -> applicant.last_name | C4: =RAWDATA!C2 -> applicant.first_name | D4: =RAWDATA!D2 -> applicant.origin.short_name | E4: =RAWDATA!E2 -> applicant.tag | F4: =RAWDATA!H2 -> applicant.mail | G4: =RAWDATA!I2 -> applicant.phone | H4: =RAWDATA!M2 -> 0 | I4: =RAWDATA!N2 -> 0 | J4: =IF(OR(K4<=4, K4="bestanden"),"X","") -> #VALUE! | K4: =IF(Notenliste!F2="KP","",IF(OR(Notenliste!P2="x", Notenliste!P2="X"), "bestanden",Notenliste!F2)) -> #VALUE! | L4: =Notenliste!E2 -> #VALUE! | M4: =IF(Notenliste!F2="KP","",Notenliste!Q2) -> #VALUE!
A5: 2 | B5: =RAWDATA!B3 -> 0 | C5: =RAWDATA!C3 -> 0 | D5: =RAWDATA!D3 -> 0 | E5: =RAWDATA!E3 -> 0 | F5: =RAWDATA!H3 -> 0 | G5: =RAWDATA!I3 -> 0 | H5: =RAWDATA!M3 -> 0 | I5: =RAWDATA!N3 -> 0 | J5: =IF(OR(K5<=4, K5="bestanden"),"X","") | K5: =IF(Notenliste!F3="KP","",IF(OR(Notenliste!P3="x", Notenliste!P3="X"), "bestanden",Notenliste!F3)) | L5: =Notenliste!E3 -> 0 | M5: =IF(Notenliste!F3="KP","",Notenliste!Q3)
A6: 3 | B6: =RAWDATA!B4 -> 0 | C6: =RAWDATA!C4 -> 0 | D6: =RAWDATA!D4 -> 0 | E6: =RAWDATA!E4 -> 0 | F6: =RAWDATA!H4 -> 0 | G6: =RAWDATA!I4 -> 0 | H6: =RAWDATA!M4 -> 0 | I6: =RAWDATA!N4 -> 0 | J6: =IF(OR(K6<=4, K6="bestanden"),"X","") | K6: =IF(Notenliste!F4="KP","",IF(OR(Notenliste!P4="x", Notenliste!P4="X"), "bestanden",Notenliste!F4)) | L6: =Notenliste!E4 -> 0 | M6: =IF(Notenliste!F4="KP","",Notenliste!Q4)
A7: 4 | B7: =RAWDATA!B5 -> 0 | C7: =RAWDATA!C5 -> 0 | D7: =RAWDATA!D5 -> 0 | E7: =RAWDATA!E5 -> 0 | F7: =RAWDATA!H5 -> 0 | G7: =RAWDATA!I5 -> 0 | H7: =RAWDATA!M5 -> 0 | I7: =RAWDATA!N5 -> 0 | J7: =IF(OR(K7<=4, K7="bestanden"),"X","") | K7: =IF(Notenliste!F5="KP","",IF(OR(Notenliste!P5="x", Notenliste!P5="X"), "bestanden",Notenliste!F5)) | L7: =Notenliste!E5 -> 0 | M7: =IF(Notenliste!F5="KP","",Notenliste!Q5)
A8: 5 | B8: =RAWDATA!B6 -> 0 | C8: =RAWDATA!C6 -> 0 | D8: =RAWDATA!D6 -> 0 | E8: =RAWDATA!E6 -> 0 | F8: =RAWDATA!H6 -> 0 | G8: =RAWDATA!I6 -> 0 | H8: =RAWDATA!M6 -> 0 | I8: =RAWDATA!N6 -> 0 | J8: =IF(OR(K8<=4, K8="bestanden"),"X","") | K8: =IF(Notenliste!F6="KP","",IF(OR(Notenliste!P6="x", Notenliste!P6="X"), "bestanden",Notenliste!F6)) | L8: =Notenliste!E6 -> 0 | M8: =IF(Notenliste!F6="KP","",Notenliste!Q6)
A9: 6 | B9: =RAWDATA!B7 -> 0 | C9: =RAWDATA!C7 -> 0 | D9: =RAWDATA!D7 -> 0 | E9: =RAWDATA!E7 -> 0 | F9: =RAWDATA!H7 -> 0 | G9: =RAWDATA!I7 -> 0 | H9: =RAWDATA!M7 -> 0 | I9: =RAWDATA!N7 -> 0 | J9: =IF(OR(K9<=4, K9="bestanden"),"X","") | K9: =IF(Notenliste!F7="KP","",IF(OR(Notenliste!P7="x", Notenliste!P7="X"), "bestanden",Notenliste!F7)) | L9: =Notenliste!E7 -> 0 | M9: =IF(Notenliste!F7="KP","",Notenliste!Q7)
A10: 7 | B10: =RAWDATA!B8 -> 0 | C10: =RAWDATA!C8 -> 0 | D10: =RAWDATA!D8 -> 0 | E10: =RAWDATA!E8 -> 0 | F10: =RAWDATA!H8 -> 0 | G10: =RAWDATA!I8 -> 0 | H10: =RAWDATA!M8 -> 0 | I10: =RAWDATA!N8 -> 0 | J10: =IF(OR(K10<=4, K10="bestanden"),"X","") | K10: =IF(Notenliste!F8="KP","",IF(OR(Notenliste!P8="x", Notenliste!P8="X"), "bestanden",Notenliste!F8)) | L10: =Notenliste!E8 -> 0 | M10: =IF(Notenliste!F8="KP","",Notenliste!Q8)
A11: 8 | B11: =RAWDATA!B9 -> 0 | C11: =RAWDATA!C9 -> 0 | D11: =RAWDATA!D9 -> 0 | E11: =RAWDATA!E9 -> 0 | F11: =RAWDATA!H9 -> 0 | G11: =RAWDATA!I9 -> 0 | H11: =RAWDATA!M9 -> 0 | I11: =RAWDATA!N9 -> 0 | J11: =IF(OR(K11<=4, K11="bestanden"),"X","") | K11: =IF(Notenliste!F9="KP","",IF(OR(Notenliste!P9="x", Notenliste!P9="X"), "bestanden",Notenliste!F9)) | L11: =Notenliste!E9 -> 0 | M11: =IF(Notenliste!F9="KP","",Notenliste!Q9)
A12: 9 | B12: =RAWDATA!B10 -> 0 | C12: =RAWDATA!C10 -> 0 | D12: =RAWDATA!D10 -> 0 | E12: =RAWDATA!E10 -> 0 | F12: =RAWDATA!H10 -> 0 | G12: =RAWDATA!I10 -> 0 | H12: =RAWDATA!M10 -> 0 | I12: =RAWDATA!N10 -> 0 | J12: =IF(OR(K12<=4, K12="bestanden"),"X","") | K12: =IF(Notenliste!F10="KP","",IF(OR(Notenliste!P10="x", Notenliste!P10="X"), "bestanden",Notenliste!F10)) | L12: =Notenliste!E10 -> 0 | M12: =IF(Notenliste!F10="KP","",Notenliste!Q10)
A13: 10 | B13: =RAWDATA!B11 -> 0 | C13: =RAWDATA!C11 -> 0 | D13: =RAWDATA!D11 -> 0 | E13: =RAWDATA!E11 -> 0 | F13: =RAWDATA!H11 -> 0 | G13: =RAWDATA!I11 -> 0 | H13: =RAWDATA!M11 -> 0 | I13: =RAWDATA!N11 -> 0 | J13: =IF(OR(K13<=4, K13="bestanden"),"X","") | K13: =IF(Notenliste!F11="KP","",IF(OR(Notenliste!P11="x", Notenliste!P11="X"), "bestanden",Notenliste!F11)) | L13: =Notenliste!E11 -> 0 | M13: =IF(Notenliste!F11="KP","",Notenliste!Q11)
A14: 11 | B14: =RAWDATA!B12 -> 0 | C14: =RAWDATA!C12 -> 0 | D14: =RAWDATA!D12 -> 0 | E14: =RAWDATA!E12 -> 0 | F14: =RAWDATA!H12 -> 0 | G14: =RAWDATA!I12 -> 0 | H14: =RAWDATA!M12 -> 0 | I14: =RAWDATA!N12 -> 0 | J14: =IF(OR(K14<=4, K14="bestanden"),"X","") | K14: =IF(Notenliste!F12="KP","",IF(OR(Notenliste!P12="x", Notenliste!P12="X"), "bestanden",Notenliste!F12)) | L14: =Notenliste!E12 -> 0 | M14: =IF(Notenliste!F12="KP","",Notenliste!Q12)
A15: 12 | B15: =RAWDATA!B13 -> 0 | C15: =RAWDATA!C13 -> 0 | D15: =RAWDATA!D13 -> 0 | E15: =RAWDATA!E13 -> 0 | F15: =RAWDATA!H13 -> 0 | G15: =RAWDATA!I13 -> 0 | H15: =RAWDATA!M13 -> 0 | I15: =RAWDATA!N13 -> 0 | J15: =IF(OR(K15<=4, K15="bestanden"),"X","") | K15: =IF(Notenliste!F13="KP","",IF(OR(Notenliste!P13="x", Notenliste!P13="X"), "bestanden",Notenliste!F13)) | L15: =Notenliste!E13 -> 0 | M15: =IF(Notenliste!F13="KP","",Notenliste!Q13)
... A28: 25 | B28: =RAWDATA!B26 -> 0 | C28: =RAWDATA!C26 -> 0 | D28: =RAWDATA!D26 -> 0 | E28: =RAWDATA!E26 -> 0 | F28: =RAWDATA!H26 -> 0 | G28: =RAWDATA!I26 -> 0 | H28: =RAWDATA!M26 -> 0 | I28: =RAWDATA!N26 -> 0 | J28: =IF(OR(K28<=4, K28="bestanden"),"X","") | K28: =IF(Notenliste!F26="KP","",IF(OR(Notenliste!P26="x", Notenliste!P26="X"), "bestanden",Notenliste!F26)) | L28: =Notenliste!E26 -> 0 | M28: =IF(Notenliste!F26="KP","",Notenliste!Q26)
J29: =COUNTIF(J4:J28,"X") -> 0
A30: Datum:_________________________ Unterschrift:_______________________________________

Sheet Paricipantlist
A1: =Notenliste!B34&Notenliste!B35 -> course.namecourse.alternative
A2: Anwesenheitsliste
A3: ="Dozent/in: "&Notenliste!B31 -> Dozent/in: course.teacher_name
A4: Nr. | B4: Nachname | C4: Vorname | D4: Hoch-schule | E4: Matrikel nummer | V4: Prüfungs- schein | W4: Schreibt Prüfung
G5: 1 | H5: 2 | I5: 3 | J5: 4 | K5: 5 | L5: 6 | M5: 7 | N5: 8 | O5: 9 | P5: 10 | Q5: 11 | R5: 12 | S5: 13 | T5: 14
A6: 1 | B6: =RAWDATA!B2 -> applicant.last_name | C6: =RAWDATA!C2 -> applicant.first_name | D6: =RAWDATA!D2 -> applicant.origin.short_name | E6: =RAWDATA!E2 -> applicant.tag
A7: 2 | B7: =RAWDATA!B3 -> 0 | C7: =RAWDATA!C3 -> 0 | D7: =RAWDATA!D3 -> 0 | E7: =RAWDATA!E3 -> 0
A8: 3 | B8: =RAWDATA!B4 -> 0 | C8: =RAWDATA!C4 -> 0 | D8: =RAWDATA!D4 -> 0 | E8: =RAWDATA!E4 -> 0
A9: 4 | B9: =RAWDATA!B5 -> 0 | C9: =RAWDATA!C5 -> 0 | D9: =RAWDATA!D5 -> 0 | E9: =RAWDATA!E5 -> 0
A10: 5 | B10: =RAWDATA!B6 -> 0 | C10: =RAWDATA!C6 -> 0 | D10: =RAWDATA!D6 -> 0 | E10: =RAWDATA!E6 -> 0
A11: 6 | B11: =RAWDATA!B7 -> 0 | C11: =RAWDATA!C7 -> 0 | D11: =RAWDATA!D7 -> 0 | E11: =RAWDATA!E7 -> 0
A12: 7 | B12: =RAWDATA!B8 -> 0 | C12: =RAWDATA!C8 -> 0 | D12: =RAWDATA!D8 -> 0 | E12: =RAWDATA!E8 -> 0
A13: 8 | B13: =RAWDATA!B9 -> 0 | C13: =RAWDATA!C9 -> 0 | D13: =RAWDATA!D9 -> 0 | E13: =RAWDATA!E9 -> 0
A14: 9 | B14: =RAWDATA!B10 -> 0 | C14: =RAWDATA!C10 -> 0 | D14: =RAWDATA!D10 -> 0 | E14: =RAWDATA!E10 -> 0
A15: 10 | B15: =RAWDATA!B11 -> 0 | C15: =RAWDATA!C11 -> 0 | D15: =RAWDATA!D11 -> 0 | E15: =RAWDATA!E11 -> 0
A16: 11 | B16: =RAWDATA!B12 -> 0 | C16: =RAWDATA!C12 -> 0 | D16: =RAWDATA!D12 -> 0 | E16: =RAWDATA!E12 -> 0
A17: 12 | B17: =RAWDATA!B13 -> 0 | C17: =RAWDATA!C13 -> 0 | D17: =RAWDATA!D13 -> 0 | E17: =RAWDATA!E13 -> 0
... A30: 25 | B30: =RAWDATA!B26 -> 0 | C30: =RAWDATA!C26 -> 0 | D30: =RAWDATA!D26 -> 0 | E30: =RAWDATA!E26 -> 0

Sheet Teilnehmer
A1: Matrikelnummer | B1: Status | C1: LP | D1: Note | E1: Datum | F1: Individueller Titel deutsch | G1: Individueller Titel englisch | H1: Anmerkungen
A2: =IF(Notenliste!D2=0," ",Notenliste!D2) -> applicant.tag | C2: =IF(Notenliste!D2<>0,IF(Notenliste!Q2<>0,Notenliste!Q2,Notenliste!$B$33)," ") -> attendance.ects_points | D2: =IF(Notenliste!D2=0," ",IF(Notenliste!F2="KP"," ",IF(Notenliste!F2="NB","nicht bestanden",IF(OR(Notenliste!P2="x", Notenliste!P2="X"),"bestanden",Notenliste!F2)))) -> #VALUE! | E2: =IF(Notenliste!D2<>0,Notenliste!$B$37," ") -> exam_date
A3: =IF(Notenliste!D3=0," ",Notenliste!D3) | C3: =IF(Notenliste!D3<>0,IF(Notenliste!Q3<>0,Notenliste!Q3,Notenliste!$B$33)," ") | D3: =IF(Notenliste!D3=0," ",IF(Notenliste!F3="KP"," ",IF(Notenliste!F3="NB","nicht bestanden",IF(OR(Notenliste!P3="x", Notenliste!P3="X"),"bestanden",Notenliste!F3)))) | E3: =IF(Notenliste!D3<>0,Notenliste!$B$37," ")
A4: =IF(Notenliste!D4=0," ",Notenliste!D4) | C4: =IF(Notenliste!D4<>0,IF(Notenliste!Q4<>0,Notenliste!Q4,Notenliste!$B$33)," ") | D4: =IF(Notenliste!D4=0," ",IF(Notenliste!F4="KP"," ",IF(Notenliste!F4="NB","nicht bestanden",IF(OR(Notenliste!P4="x", Notenliste!P4="X"),"bestanden",Notenliste!F4)))) | E4: =IF(Notenliste!D4<>0,Notenliste!$B$37," ")
A5: =IF(Notenliste!D5=0," ",Notenliste!D5) | C5: =IF(Notenliste!D5<>0,IF(Notenliste!Q5<>0,Notenliste!Q5,Notenliste!$B$33)," ") | D5: =IF(Notenliste!D5=0," ",IF(Notenliste!F5="KP"," ",IF(Notenliste!F5="NB","nicht bestanden",IF(OR(Notenliste!P5="x", Notenliste!P5="X"),"bestanden",Notenliste!F5)))) | E5: =IF(Notenliste!D5<>0,Notenliste!$B$37," ")
A6: =IF(Notenliste!D6=0," ",Notenliste!D6) | C6: =IF(Notenliste!D6<>0,IF(Notenliste!Q6<>0,Notenliste!Q6,Notenliste!$B$33)," ") | D6: =IF(Notenliste!D6=0," ",IF(Notenliste!F6="KP"," ",IF(Notenliste!F6="NB","nicht bestanden",IF(OR(Notenliste!P6="x", Notenliste!P6="X"),"bestanden",Notenliste!F6)))) | E6: =IF(Notenliste!D6<>0,Notenliste!$B$37," ")
A7: =IF(Notenliste!D7=0," ",Notenliste!D7) | C7: =IF(Notenliste!D7<>0,IF(Notenliste!Q7<>0,Notenliste!Q7,Notenliste!$B$33)," ") | D7: =IF(Notenliste!D7=0," ",IF(Notenliste!F7="KP"," ",IF(Notenliste!F7="NB","nicht bestanden",IF(OR(Notenliste!P7="x", Notenliste!P7="X"),"bestanden",Notenliste!F7)))) | E7: =IF(Notenliste!D7<>0,Notenliste!$B$37," ")
A8: =IF(Notenliste!D8=0," ",Notenliste!D8) | C8: =IF(Notenliste!D8<>0,IF(Notenliste!Q8<>0,Notenliste!Q8,Notenliste!$B$33)," ") | D8: =IF(Notenliste!D8=0," ",IF(Notenliste!F8="KP"," ",IF(Notenliste!F8="NB","nicht bestanden",IF(OR(Notenliste!P8="x", Notenliste!P8="X"),"bestanden",Notenliste!F8)))) | E8: =IF(Notenliste!D8<>0,Notenliste!$B$37," ")
A9: =IF(Notenliste!D9=0," ",Notenliste!D9) | C9: =IF(Notenliste!D9<>0,IF(Notenliste!Q9<>0,Notenliste!Q9,Notenliste!$B$33)," ") | D9: =IF(Notenliste!D9=0," ",IF(Notenliste!F9="KP"," ",IF(Notenliste!F9="NB","nicht bestanden",IF(OR(Notenliste!P9="x", Notenliste!P9="X"),"bestanden",Notenliste!F9)))) | E9: =IF(Notenliste!D9<>0,Notenliste!$B$37," ")
A10: =IF(Notenliste!D10=0," ",Notenliste!D10) | C10: =IF(Notenliste!D10<>0,IF(Notenliste!Q10<>0,Notenliste!Q10,Notenliste!$B$33)," ") | D10: =IF(Notenliste!D10=0," ",IF(Notenliste!F10="KP"," ",IF(Notenliste!F10="NB","nicht bestanden",IF(OR(Notenliste!P10="x", Notenliste!P10="X"),"bestanden",Notenliste!F10)))) | E10: =IF(Notenliste!D10<>0,Notenliste!$B$37," ")
A11: =IF(Notenliste!D11=0," ",Notenliste!D11) | C11: =IF(Notenliste!D11<>0,IF(Notenliste!Q11<>0,Notenliste!Q11,Notenliste!$B$33)," ") | D11: =IF(Notenliste!D11=0," ",IF(Notenliste!F11="KP"," ",IF(Notenliste!F11="NB","nicht bestanden",IF(OR(Notenliste!P11="x", Notenliste!P11="X"),"bestanden",Notenliste!F11)))) | E11: =IF(Notenliste!D11<>0,Notenliste!$B$37," ")
A12: =IF(Notenliste!D12=0," ",Notenliste!D12) | C12: =IF(Notenliste!D12<>0,IF(Notenliste!Q12<>0,Notenliste!Q12,Notenliste!$B$33)," ") | D12: =IF(Notenliste!D12=0," ",IF(Notenliste!F12="KP"," ",IF(Notenliste!F12="NB","nicht bestanden",IF(OR(Notenliste!P12="x", Notenliste!P12="X"),"bestanden",Notenliste!F12)))) | E12: =IF(Notenliste!D12<>0,Notenliste!$B$37," ")
A13: =IF(Notenliste!D13=0," ",Notenliste!D13) | C13: =IF(Notenliste!D13<>0,IF(Notenliste!Q13<>0,Notenliste!Q13,Notenliste!$B$33)," ") | D13: =IF(Notenliste!D13=0," ",IF(Notenliste!F13="KP"," ",IF(Notenliste!F13="NB","nicht bestanden",IF(OR(Notenliste!P13="x", Notenliste!P13="X"),"bestanden",Notenliste!F13)))) | E13: =IF(Notenliste!D13<>0,Notenliste!$B$37," ")
... A26: =IF(Notenliste!D26=0," ",Notenliste!D26) | C26: =IF(Notenliste!D26<>0,IF(Notenliste!Q26<>0,Notenliste!Q26,Notenliste!$B$33)," ") | D26: =IF(Notenliste!D26=0," ",IF(Notenliste!F26="KP"," ",IF(Notenliste!F26="NB","nicht bestanden",IF(OR(Notenliste!P26="x", Notenliste!P26="X"),"bestanden",Notenliste!F26)))) | E26: =IF(Notenliste!D26<>0,Notenliste!$B$37," ")

Sheet Einstellungen
A1: Kursname | B1: Kursname Englisch | D1: Niveau | F1: Dozenten | H1: ECTS
A2: Spanisch 1 | B2: Spanish 1 | D2: A1.1 | F2: Elena Moya Royo | H2: 2
A3: Spanisch 2 | B3: Spanish 2 | D3: A1.2 | F3: Estíbaliz Alonso | H3: 4
A4: Spanisch 3 | B4: Spanish 3 | D4: A2.1 | F4: Maritza Bayona | H4: 6
A5: Spanisch 4 | B5: Spanish 4 | D5: A2.2 | F5: Dora Castillo
A6: Spanisch 5 | B6: Spanish 5 | D6: B1.1 | F6: Gabriela Fahra
A7: Spanisch 6 | B7: Spanish 6 | D7: B1.2 | F7: Katya Geiger
A8: Spanisch 7 | B8: Spanish 7 | D8: B2.1 | F8: Irene Gómez
A9: Spanisch 8 | B9: Spanish 8 | D9: B2.2 | F9: Paula González
A10: Spanisch Rápido 1 | B10: Spanish rapid 1 | D10: C1.1 | F10: Alexandra Martín
A11: Spanisch Rápido 2 | B11: Spanish rapid 2 | D11: C1.2 | F11: Elena Molins
A12: Spanisch Rápido 3 | B12: Spanish rapid 3 | D12: A1 | F12: Isabel Morant
A13: Spanisch Rápido 4 | B13: Spanish rapid 4 | D13: A2 | F13: Marta Moriones
D14: B1 | F14: Victor Rubio Moreno
D15: B2 | F15: Manuela Rodríguez
F16: Rosa María Portocarrero
F17: Ines Gallego Perez
F18: Lucía Serres
